user_id,day,login_hour,files_accessed,data_transfer_mb,failed_logins,after_hours_access,usb_events,email_recipients_count
U000,1,9,37,99.03,0,0,0,13
U000,2,9,47,81.52,0,0,0,9
U000,3,8,34,75.37,0,0,0,11
U000,4,9,43,126.26,0,0,0,11
U000,5,9,36,81.23,0,0,0,13
U000,6,9,42,71.77,0,0,0,12
U000,7,10,40,88.15,0,0,0,10
U000,8,8,31,73.69,1,0,1,10
U000,9,10,46,102.54,0,0,0,11
U000,10,9,46,82.97,0,0,0,10
U000,11,10,41,75.01,0,0,0,10
U000,12,9,51,52.48,0,0,0,11
U000,13,8,47,102.67,0,0,0,10
U000,14,9,34,102.84,1,0,0,11
U000,15,10,40,85.39,0,0,0,11
U000,16,9,40,89.87,0,0,0,10
U000,17,9,37,92.86,0,0,2,7
U000,18,8,38,90.66,0,0,1,14
U000,19,9,28,106.08,0,0,0,11
U000,20,10,50,77.25,1,0,0,10
U000,21,9,34,67.71,0,0,0,10
U000,22,10,37,84.27,0,0,0,9
U000,23,10,28,93.04,0,0,0,12
U000,24,8,48,108.31,1,0,0,9
U000,25,9,40,93.97,0,0,0,9
U000,26,10,49,100.26,0,0,0,9
U000,27,10,42,101.51,0,0,0,13
U000,28,10,36,107.03,0,0,0,11
U000,29,10,31,74.54,1,0,1,11
U000,30,9,38,77.73,1,0,0,8
U000,31,10,39,98.77,0,0,1,13
U000,32,10,39,102.23,0,0,0,12
U000,33,9,43,97.14,1,0,0,16
U000,34,9,40,73.38,0,0,0,8
U000,35,11,23,99.57,0,1,0,7
U000,36,9,35,112.03,0,0,0,10
U000,37,9,33,120.34,0,0,0,11
U000,38,10,33,83.47,0,1,1,7
U000,39,9,52,85.04,0,0,0,10
U000,40,8,46,120.03,0,0,0,12
U000,41,9,54,89.52,0,0,0,9
U000,42,10,26,83.53,0,0,0,10
U000,43,9,46,86.91,0,0,0,10
U000,44,10,28,120.19,1,0,1,7
U000,45,9,33,86.83,1,1,0,9
U000,46,9,35,103.36,1,0,0,12
U000,47,9,34,100.44,2,0,0,11
U000,48,9,48,111.92,1,0,1,9
U000,49,9,46,86.39,0,0,0,11
U000,50,9,37,91.18,0,0,0,11
U000,51,10,28,100.78,1,0,0,11
U000,52,9,33,103.69,0,0,0,10
U000,53,10,50,83.62,1,0,0,10
U000,54,8,26,79.56,1,0,0,10
U000,55,9,38,80.08,0,0,0,10
U000,56,9,51,88.25,0,0,0,11
U000,57,9,46,96.55,0,0,0,10
U000,58,11,32,102.23,0,0,1,10
U000,59,11,31,77.83,0,0,0,9
U000,60,8,41,97.94,0,0,0,12
U001,1,7,34,38.26,3,0,0,6
U001,2,9,19,25.68,0,0,0,9
U001,3,8,20,15.59,0,0,1,10
U001,4,9,10,0.5,0,0,0,12
U001,5,8,32,24.21,1,0,0,12
U001,6,9,30,8.42,0,1,0,10
U001,7,7,31,34.18,0,0,0,7
U001,8,10,8,0.0,0,0,0,8
U001,9,9,8,20.14,0,0,0,7
U001,10,9,12,14.7,2,0,0,4
U001,11,8,16,10.5,0,0,0,6
U001,12,8,10,49.19,0,0,0,8
U001,13,9,14,11.6,0,0,0,10
U001,14,7,30,44.74,0,0,0,7
U001,15,8,27,8.32,0,0,0,8
U001,16,8,8,12.85,0,0,0,4
U001,17,9,25,9.69,1,0,0,8
U001,18,7,18,9.66,1,0,0,3
U001,19,8,20,16.82,0,0,0,7
U001,20,8,12,22.52,0,0,0,5
U001,21,9,19,25.15,0,0,0,9
U001,22,8,25,0.0,1,0,0,10
U001,23,9,0,15.47,1,0,0,7
U001,24,8,10,12.78,0,0,0,8
U001,25,8,25,37.24,1,0,0,10
U001,26,9,18,27.01,2,0,0,6
U001,27,9,32,20.18,1,0,0,8
U001,28,9,16,25.88,0,0,0,15
U001,29,8,30,12.44,0,0,0,0
U001,30,9,18,33.39,2,0,0,0
U001,31,8,24,9.68,1,0,0,6
U001,32,8,21,15.46,0,0,0,5
U001,33,10,23,17.01,1,0,1,11
U001,34,9,16,15.9,1,0,0,6
U001,35,9,34,11.08,0,0,0,3
U001,36,7,1,24.36,1,1,1,17
U001,37,10,24,24.87,0,0,0,9
U001,38,10,15,8.08,2,0,0,7
U001,39,11,24,13.67,0,0,0,7
U001,40,7,6,33.3,0,0,0,8
U001,41,7,17,6.19,0,0,0,7
U001,42,8,25,47.58,0,0,0,12
U001,43,8,18,21.86,1,0,0,8
U001,44,8,18,13.87,0,0,0,6
U001,45,10,0,0.0,1,0,0,3
U001,46,7,13,6.39,0,0,0,14
U001,47,8,20,12.05,1,1,0,5
U001,48,8,23,4.84,0,0,0,10
U001,49,8,21,44.76,0,0,1,4
U001,50,7,34,4.57,0,0,0,5
U001,51,7,33,0.0,0,0,0,14
U001,52,9,19,17.18,0,0,0,13
U001,53,7,25,24.23,2,0,0,7
U001,54,7,24,49.76,1,0,0,10
U001,55,8,27,45.03,0,0,0,11
U001,56,9,0,17.01,1,0,0,8
U001,57,7,9,8.27,1,0,0,11
U001,58,8,21,30.3,0,0,0,2
U001,59,9,14,21.36,1,0,0,14
U001,60,9,24,6.71,1,0,0,11
U002,1,8,31,37.91,1,0,1,1
U002,2,9,29,33.36,0,0,1,0
U002,3,8,27,39.63,1,1,0,1
U002,4,8,23,55.37,1,0,1,4
U002,5,6,30,15.51,1,0,0,6
U002,6,10,27,53.59,1,0,0,1
U002,7,9,25,57.1,0,0,0,2
U002,8,7,38,63.64,0,0,0,3
U002,9,7,15,0.0,1,0,1,1
U002,10,8,17,77.05,0,0,0,2
U002,11,8,29,39.95,0,0,0,9
U002,12,8,19,25.54,2,0,2,3
U002,13,10,20,19.36,1,0,0,5
U002,14,11,34,19.22,1,0,0,4
U002,15,8,28,46.74,0,0,0,8
U002,16,9,16,19.21,0,0,0,4
U002,17,8,36,81.04,1,0,0,3
U002,18,6,29,39.05,0,0,1,4
U002,19,8,33,53.16,1,0,1,7
U002,20,7,17,21.99,1,0,0,5
U002,21,8,25,9.68,0,0,1,5
U002,22,8,39,32.9,0,0,0,4
U002,23,8,29,31.22,1,0,0,3
U002,24,9,11,24.38,1,1,0,5
U002,25,8,6,48.09,0,0,1,6
U002,26,6,23,46.55,0,0,0,6
U002,27,6,33,46.58,0,0,0,4
U002,28,9,23,21.6,0,0,0,2
U002,29,8,35,40.94,1,0,0,5
U002,30,7,28,57.58,0,0,0,5
U002,31,7,42,33.91,0,0,0,1
U002,32,7,34,29.56,0,0,0,4
U002,33,6,32,49.07,1,1,0,5
U002,34,8,21,78.74,1,0,0,4
U002,35,8,6,30.11,0,0,0,2
U002,36,8,15,52.8,0,0,0,5
U002,37,9,33,35.74,1,0,0,2
U002,38,7,35,36.75,1,0,0,6
U002,39,10,27,22.69,1,0,1,3
U002,40,8,20,34.2,0,0,0,8
U002,41,6,30,25.42,0,0,0,4
U002,42,8,31,25.77,0,0,1,7
U002,43,8,35,65.56,0,0,1,3
U002,44,9,10,61.75,1,0,0,7
U002,45,8,22,4.35,1,0,0,4
U002,46,9,9,27.99,2,0,0,1
U002,47,9,18,6.08,0,0,0,3
U002,48,9,20,6.07,0,0,0,3
U002,49,9,36,56.94,1,0,1,4
U002,50,7,20,35.53,1,1,0,2
U002,51,9,24,36.09,0,0,2,0
U002,52,8,29,32.19,0,0,0,6
U002,53,9,15,45.89,2,0,0,2
U002,54,9,23,44.69,1,0,0,2
U002,55,11,24,38.34,0,0,0,6
U002,56,7,31,14.64,0,0,0,7
U002,57,8,28,40.55,0,0,1,5
U002,58,9,14,45.61,1,0,1,5
U002,59,8,25,14.52,0,0,0,1
U002,60,6,22,10.91,0,0,0,3
U003,1,8,36,111.91,0,0,0,3
U003,2,8,1,121.51,0,0,0,0
U003,3,10,23,107.3,0,0,0,5
U003,4,9,20,90.9,0,0,0,1
U003,5,9,28,110.6,0,0,0,0
U003,6,9,13,71.54,0,0,0,6
U003,7,7,19,91.19,1,0,0,6
U003,8,10,16,116.56,1,0,0,5
U003,9,7,31,65.86,1,0,1,2
U003,10,8,17,74.31,0,0,0,11
U003,11,9,19,116.94,0,0,0,9
U003,12,9,39,74.97,0,0,0,9
U003,13,9,10,58.01,0,0,1,6
U003,14,8,8,79.46,0,1,1,3
U003,15,10,16,101.17,0,0,0,11
U003,16,11,19,77.01,0,0,0,4
U003,17,8,21,72.67,0,0,0,4
U003,18,10,21,69.0,2,0,0,3
U003,19,9,26,76.1,0,0,1,5
U003,20,8,7,77.02,1,0,0,3
U003,21,8,0,99.64,1,0,2,12
U003,22,8,26,103.36,0,0,0,6
U003,23,10,7,92.18,0,0,0,4
U003,24,12,12,78.14,0,0,0,6
U003,25,8,13,92.77,1,0,0,6
U003,26,6,18,97.46,0,0,0,2
U003,27,9,29,94.67,2,0,0,3
U003,28,9,8,97.86,0,0,2,2
U003,29,10,1,38.75,0,0,0,7
U003,30,8,4,116.59,0,0,0,3
U003,31,8,0,80.3,0,0,0,5
U003,32,8,15,51.04,1,0,0,11
U003,33,8,7,88.02,0,0,0,10
U003,34,9,17,115.24,0,0,1,0
U003,35,9,23,120.79,1,0,0,8
U003,36,9,8,101.12,0,0,0,2
U003,37,9,11,74.99,0,0,0,8
U003,38,8,20,116.13,0,1,0,6
U003,39,10,27,65.68,0,0,0,2
U003,40,10,35,78.28,2,0,0,7
U003,41,10,20,73.93,0,0,0,5
U003,42,8,0,134.15,1,0,0,1
U003,43,9,13,63.86,1,0,1,7
U003,44,10,7,116.71,0,0,0,4
U003,45,9,3,99.87,1,0,0,2
U003,46,10,22,139.2,0,0,0,7
U003,47,10,18,118.29,0,0,0,6
U003,48,10,6,118.25,0,0,0,3
U003,49,8,19,116.36,0,1,0,2
U003,50,7,5,82.2,1,0,0,1
U003,51,1,159,345.62,3,1,1,75
U003,52,18,162,446.95,3,1,3,36
U003,53,19,176,315.4,3,0,4,33
U003,54,21,125,357.87,4,0,2,47
U003,55,23,149,453.62,2,0,2,34
U003,56,22,101,274.23,2,0,0,47
U003,57,21,102,414.02,4,1,2,44
U003,58,18,147,390.59,3,1,0,32
U003,59,22,164,383.42,3,1,1,35
U003,60,23,129,376.34,2,0,2,57
U004,1,10,27,43.54,1,0,0,8
U004,2,7,47,65.59,0,0,0,9
U004,3,9,28,61.72,2,0,0,9
U004,4,6,38,88.74,0,0,0,7
U004,5,9,33,67.88,1,0,0,8
U004,6,7,44,78.58,1,0,0,11
U004,7,6,40,67.94,0,0,0,8
U004,8,10,32,40.16,0,0,0,7
U004,9,9,24,58.24,0,0,0,7
U004,10,10,50,76.39,0,0,0,7
U004,11,8,24,78.67,0,0,1,6
U004,12,7,42,80.77,0,0,0,9
U004,13,9,35,68.87,1,0,0,9
U004,14,8,40,53.58,0,0,1,8
U004,15,8,32,62.62,0,0,1,7
U004,16,7,41,67.07,1,1,1,8
U004,17,9,27,72.45,0,0,0,7
U004,18,7,29,64.57,0,0,0,8
U004,19,9,24,69.77,0,0,0,9
U004,20,7,31,65.61,0,0,0,9
U004,21,8,40,72.38,0,0,0,11
U004,22,9,48,63.2,1,0,0,9
U004,23,6,42,53.59,0,0,0,8
U004,24,8,39,65.3,1,0,0,10
U004,25,7,9,62.24,0,0,0,5
U004,26,8,17,61.21,1,0,0,7
U004,27,8,31,55.75,1,0,0,8
U004,28,10,33,86.87,3,0,0,8
U004,29,6,13,74.45,1,0,0,8
U004,30,7,35,83.52,0,0,0,9
U004,31,6,30,82.46,0,0,0,7
U004,32,8,38,52.14,0,1,0,10
U004,33,8,42,69.23,0,0,0,9
U004,34,6,34,64.41,0,0,0,8
U004,35,6,41,74.73,1,0,0,10
U004,36,6,43,76.42,0,0,1,7
U004,37,7,42,74.01,0,0,0,6
U004,38,6,50,61.86,0,0,0,6
U004,39,10,49,58.27,0,0,0,8
U004,40,6,47,86.76,0,0,0,7
U004,41,9,33,59.73,0,0,0,8
U004,42,6,29,63.71,1,0,1,8
U004,43,6,17,70.94,0,0,0,5
U004,44,9,39,43.89,0,0,0,7
U004,45,6,24,65.51,0,0,0,9
U004,46,11,23,35.42,3,0,0,8
U004,47,11,46,59.6,0,0,0,6
U004,48,8,38,77.4,0,0,0,8
U004,49,6,43,63.35,2,0,1,6
U004,50,6,24,72.23,0,0,0,7
U004,51,9,36,64.16,1,0,0,8
U004,52,10,31,63.23,0,0,1,9
U004,53,11,30,75.85,0,0,0,9
U004,54,6,43,75.86,0,1,0,9
U004,55,9,41,69.69,1,0,0,7
U004,56,8,45,64.49,0,0,0,7
U004,57,7,27,66.04,2,0,1,8
U004,58,7,31,81.69,1,0,0,8
U004,59,6,25,55.87,1,0,0,7
U004,60,7,40,46.91,1,0,0,8
U005,1,10,12,0.0,0,0,0,7
U005,2,8,35,46.02,1,0,0,8
U005,3,9,21,33.64,0,0,0,3
U005,4,9,26,47.61,0,0,0,4
U005,5,10,17,24.63,0,0,1,6
U005,6,9,28,46.13,0,0,0,6
U005,7,9,48,56.35,1,1,0,4
U005,8,10,40,35.27,0,0,0,7
U005,9,9,28,39.82,0,0,0,6
U005,10,9,13,26.77,1,0,1,6
U005,11,10,14,48.81,0,0,0,6
U005,12,9,22,52.16,0,0,0,8
U005,13,9,33,29.33,0,0,0,8
U005,14,8,28,12.28,0,0,0,4
U005,15,8,24,68.37,0,0,1,8
U005,16,8,38,44.2,0,0,0,8
U005,17,9,28,47.98,0,0,0,5
U005,18,9,27,36.48,1,0,0,7
U005,19,9,24,23.42,0,0,0,5
U005,20,9,29,16.06,0,0,0,5
U005,21,9,42,38.65,1,0,0,6
U005,22,9,13,30.67,0,0,0,7
U005,23,8,25,34.55,0,0,0,8
U005,24,9,22,31.44,0,0,0,9
U005,25,9,13,40.39,0,0,0,7
U005,26,8,31,62.84,0,0,1,4
U005,27,9,26,24.87,0,0,0,7
U005,28,10,39,37.31,1,0,0,4
U005,29,8,33,46.58,1,0,0,6
U005,30,9,21,22.67,0,0,2,7
U005,31,9,41,54.23,1,0,0,5
U005,32,10,20,39.8,0,0,0,3
U005,33,9,16,28.21,2,0,0,8
U005,34,9,55,22.54,0,0,2,8
U005,35,9,43,13.33,0,0,0,6
U005,36,9,31,34.17,0,0,1,8
U005,37,10,34,20.44,1,0,0,7
U005,38,9,25,38.96,0,0,0,6
U005,39,9,15,19.34,0,0,1,5
U005,40,10,35,30.42,0,0,0,9
U005,41,9,31,45.17,1,0,0,6
U005,42,10,8,25.48,0,0,0,7
U005,43,9,42,43.27,0,0,0,3
U005,44,9,16,1.11,2,0,0,7
U005,45,9,46,37.28,1,0,0,8
U005,46,9,32,15.5,2,0,0,4
U005,47,9,45,33.93,0,0,0,8
U005,48,9,42,33.15,0,0,1,7
U005,49,10,27,30.62,1,0,0,7
U005,50,9,17,43.89,1,0,0,6
U005,51,10,47,35.0,0,0,0,5
U005,52,8,38,25.04,0,0,0,10
U005,53,10,19,27.85,0,0,0,6
U005,54,10,42,28.88,1,0,0,4
U005,55,9,8,15.08,2,0,0,7
U005,56,10,38,7.71,0,0,0,5
U005,57,8,25,47.52,2,0,0,4
U005,58,9,23,57.84,1,0,0,9
U005,59,10,37,11.57,0,0,2,8
U005,60,9,30,39.57,1,0,0,4
U006,1,9,28,71.27,2,0,0,4
U006,2,10,19,78.68,0,0,1,9
U006,3,9,13,121.99,1,0,0,15
U006,4,10,37,62.19,0,0,0,7
U006,5,10,47,65.09,2,0,0,11
U006,6,8,33,113.87,1,0,0,12
U006,7,10,28,105.46,0,0,0,18
U006,8,10,38,131.56,0,0,0,7
U006,9,11,22,65.83,0,1,0,13
U006,10,9,31,98.63,0,0,0,10
U006,11,8,40,72.44,0,0,0,9
U006,12,9,32,62.3,0,0,0,11
U006,13,12,44,46.26,1,0,0,5
U006,14,8,15,96.54,1,0,0,10
U006,15,10,64,88.23,1,0,0,9
U006,16,9,48,52.31,1,0,0,11
U006,17,9,27,103.09,0,0,0,13
U006,18,9,35,60.21,0,0,0,9
U006,19,8,24,104.2,0,0,0,17
U006,20,10,42,79.27,0,0,0,5
U006,21,9,32,56.65,0,0,0,11
U006,22,9,16,76.03,0,0,0,10
U006,23,12,18,115.02,0,1,0,13
U006,24,10,32,88.08,0,0,0,11
U006,25,8,28,59.71,0,0,0,10
U006,26,9,41,91.37,0,0,0,10
U006,27,10,25,33.42,0,0,0,12
U006,28,9,24,122.29,1,0,0,9
U006,29,10,18,74.33,1,0,0,10
U006,30,11,35,97.6,0,0,0,12
U006,31,11,38,68.43,1,0,0,8
U006,32,10,47,98.41,1,0,0,11
U006,33,11,28,58.55,0,0,0,7
U006,34,10,29,45.74,0,0,0,10
U006,35,10,42,63.19,1,0,1,13
U006,36,8,21,93.84,0,0,0,6
U006,37,10,37,96.66,0,0,0,13
U006,38,9,9,87.8,0,0,0,4
U006,39,10,27,67.8,1,0,0,12
U006,40,10,37,54.42,0,0,0,9
U006,41,8,38,49.91,0,0,0,12
U006,42,10,43,128.41,1,0,0,13
U006,43,11,25,46.18,1,0,1,8
U006,44,8,32,106.57,1,0,0,12
U006,45,11,25,53.39,2,0,0,15
U006,46,10,43,47.22,0,0,0,13
U006,47,10,21,127.79,1,0,0,8
U006,48,10,45,99.93,1,0,0,12
U006,49,7,27,85.15,0,0,0,6
U006,50,8,43,59.53,1,0,0,9
U006,51,8,38,94.63,0,0,1,7
U006,52,10,40,78.43,1,0,0,11
U006,53,10,34,62.98,0,0,0,9
U006,54,9,27,73.0,2,0,1,9
U006,55,10,23,49.87,0,0,0,6
U006,56,11,18,69.99,0,0,0,11
U006,57,9,21,93.25,1,0,0,3
U006,58,8,31,44.42,0,0,0,13
U006,59,10,24,76.4,0,0,0,8
U006,60,10,38,69.14,0,0,1,13
U007,1,7,10,88.73,1,0,1,7
U007,2,8,25,54.65,2,0,0,1
U007,3,12,31,96.62,0,0,0,7
U007,4,7,19,42.95,0,0,0,9
U007,5,8,23,45.8,1,0,0,8
U007,6,9,6,68.84,0,0,0,9
U007,7,10,12,49.87,0,0,1,5
U007,8,8,19,30.78,0,0,1,6
U007,9,7,8,67.17,1,0,0,7
U007,10,9,3,92.35,4,0,0,3
U007,11,8,18,64.86,1,0,0,1
U007,12,8,15,63.56,1,0,0,6
U007,13,9,10,53.98,1,0,0,9
U007,14,11,10,84.55,0,0,0,6
U007,15,10,33,60.01,0,1,1,10
U007,16,8,22,59.72,3,0,1,7
U007,17,12,25,75.99,2,0,0,6
U007,18,7,5,77.85,1,0,0,11
U007,19,8,12,37.63,0,0,1,6
U007,20,10,13,67.65,0,0,0,4
U007,21,6,15,94.44,1,0,0,6
U007,22,7,32,76.95,2,0,0,7
U007,23,7,24,55.02,0,0,1,6
U007,24,9,32,61.74,0,0,0,1
U007,25,10,16,82.02,1,0,1,5
U007,26,10,18,37.39,0,0,1,4
U007,27,7,39,85.88,0,0,0,10
U007,28,6,20,61.69,1,1,0,9
U007,29,8,34,71.21,0,0,0,3
U007,30,10,19,29.6,1,0,0,7
U007,31,6,0,55.8,1,0,1,9
U007,32,6,11,65.61,1,1,0,9
U007,33,7,12,65.15,1,0,0,8
U007,34,7,13,72.03,1,0,0,8
U007,35,6,26,68.86,1,0,0,9
U007,36,8,7,89.23,1,0,0,5
U007,37,8,11,44.35,2,0,0,7
U007,38,12,15,66.14,1,0,0,10
U007,39,12,18,87.57,2,0,1,6
U007,40,8,26,73.89,0,0,0,7
U007,41,6,16,34.9,0,0,0,10
U007,42,11,8,82.7,2,0,0,4
U007,43,8,23,87.92,1,0,1,11
U007,44,7,20,69.59,1,0,0,1
U007,45,11,10,49.85,0,0,0,7
U007,46,8,9,70.21,2,0,0,6
U007,47,9,9,57.21,1,1,0,7
U007,48,9,14,36.23,3,0,0,13
U007,49,7,24,59.0,1,1,0,10
U007,50,10,19,51.88,2,0,0,5
U007,51,6,9,73.05,0,0,0,5
U007,52,7,0,43.78,1,0,0,8
U007,53,9,13,50.37,1,0,0,3
U007,54,9,10,48.24,1,0,2,10
U007,55,8,0,74.34,2,0,1,4
U007,56,10,8,84.13,0,0,1,4
U007,57,10,26,78.8,0,0,0,8
U007,58,6,0,73.6,2,0,1,1
U007,59,9,27,48.14,2,0,1,5
U007,60,10,19,80.79,1,0,0,4
U008,1,6,38,58.86,0,0,0,1
U008,2,12,27,51.25,2,1,0,1
U008,3,8,1,45.33,1,1,0,6
U008,4,7,39,32.46,0,0,1,5
U008,5,9,30,47.99,0,0,0,15
U008,6,10,19,35.02,2,0,0,3
U008,7,10,24,55.51,1,0,0,8
U008,8,10,10,62.4,0,0,0,11
U008,9,10,39,37.29,0,0,1,3
U008,10,9,13,58.43,0,1,0,7
U008,11,7,14,48.14,2,0,0,3
U008,12,7,21,21.99,1,0,0,8
U008,13,8,15,47.46,1,0,1,5
U008,14,8,30,38.02,1,0,0,0
U008,15,10,12,50.44,1,0,0,0
U008,16,9,31,56.79,0,1,0,10
U008,17,13,11,43.5,0,0,0,6
U008,18,14,15,37.59,0,0,0,5
U008,19,6,23,61.1,0,0,0,6
U008,20,7,11,57.88,2,0,0,5
U008,21,12,8,31.44,1,0,0,4
U008,22,8,19,57.04,1,0,0,8
U008,23,8,36,55.99,0,0,0,4
U008,24,9,24,45.66,1,0,0,2
U008,25,7,5,26.3,1,0,0,0
U008,26,9,26,77.2,1,0,0,2
U008,27,9,12,53.92,0,1,0,2
U008,28,11,23,25.67,2,0,0,8
U008,29,11,22,28.9,0,0,0,1
U008,30,8,22,62.28,0,0,0,6
U008,31,10,26,50.19,0,0,1,4
U008,32,10,0,56.03,1,0,0,5
U008,33,8,29,45.74,1,0,0,0
U008,34,11,23,32.32,1,1,0,2
U008,35,10,32,61.55,1,0,0,2
U008,36,10,33,54.11,1,0,0,4
U008,37,11,39,64.66,1,0,0,7
U008,38,9,13,43.19,0,0,0,3
U008,39,10,0,19.3,2,0,0,3
U008,40,12,39,49.72,3,1,0,8
U008,41,13,26,41.98,0,0,0,8
U008,42,9,11,39.23,3,0,1,0
U008,43,11,1,61.69,1,0,0,10
U008,44,9,26,36.84,1,0,0,9
U008,45,10,16,53.98,1,0,0,12
U008,46,7,9,53.88,2,0,0,3
U008,47,10,20,53.85,1,0,0,2
U008,48,11,24,51.92,0,0,0,5
U008,49,11,0,53.88,4,0,0,0
U008,50,7,18,64.27,1,0,0,0
U008,51,12,38,46.6,1,0,0,0
U008,52,11,15,28.37,1,0,0,6
U008,53,10,35,34.49,0,0,0,4
U008,54,6,22,47.82,0,0,0,4
U008,55,10,22,46.48,0,0,0,0
U008,56,10,0,47.38,0,0,0,5
U008,57,9,29,44.27,2,0,0,9
U008,58,8,14,40.28,1,0,0,2
U008,59,13,9,48.7,0,0,0,0
U008,60,12,32,46.55,1,0,0,8
U009,1,8,29,90.66,0,0,0,8
U009,2,9,30,59.86,1,0,0,10
U009,3,8,19,84.32,2,0,0,8
U009,4,10,29,81.61,0,0,0,9
U009,5,8,24,42.14,0,0,0,8
U009,6,9,12,66.14,1,0,0,7
U009,7,9,24,76.5,2,0,0,9
U009,8,9,17,77.49,0,0,1,7
U009,9,9,25,90.56,1,0,0,8
U009,10,9,37,76.06,1,0,0,7
U009,11,9,24,108.83,1,0,0,10
U009,12,10,28,59.65,2,0,0,10
U009,13,9,35,76.26,0,0,0,10
U009,14,9,16,135.71,1,0,0,9
U009,15,9,24,93.53,1,0,1,10
U009,16,9,16,85.13,1,0,0,9
U009,17,9,24,72.61,0,1,0,11
U009,18,9,24,54.92,1,0,1,5
U009,19,8,22,88.11,1,0,0,7
U009,20,9,26,94.03,0,0,0,10
U009,21,9,33,102.41,3,0,1,4
U009,22,8,19,93.65,0,0,0,10
U009,23,9,23,62.75,1,0,0,8
U009,24,10,28,81.38,1,0,0,7
U009,25,9,36,89.42,1,0,0,8
U009,26,9,11,89.66,0,1,0,7
U009,27,10,18,104.61,0,0,0,7
U009,28,9,13,69.79,0,0,1,4
U009,29,8,20,61.46,0,0,0,6
U009,30,9,16,87.41,0,0,0,11
U009,31,9,24,116.52,2,0,0,8
U009,32,9,23,62.78,0,0,0,6
U009,33,9,16,72.87,1,0,0,6
U009,34,8,25,65.65,0,0,0,8
U009,35,9,25,95.29,0,0,0,8
U009,36,9,23,69.56,1,0,0,11
U009,37,9,28,57.42,1,0,0,6
U009,38,10,25,63.32,0,0,0,7
U009,39,10,34,62.96,1,0,0,11
U009,40,9,25,110.78,0,0,0,6
U009,41,9,18,70.94,0,0,0,5
U009,42,9,21,75.81,2,0,1,7
U009,43,9,33,86.54,1,0,0,10
U009,44,9,26,111.41,0,0,0,7
U009,45,10,24,51.48,1,0,0,8
U009,46,9,21,71.54,0,0,0,2
U009,47,10,26,66.84,2,0,0,4
U009,48,9,26,100.06,2,0,0,10
U009,49,10,16,117.46,0,0,0,7
U009,50,9,33,69.89,1,0,0,6
U009,51,9,26,103.52,1,0,0,8
U009,52,8,21,99.39,1,0,0,6
U009,53,10,33,102.22,3,0,0,10
U009,54,9,23,104.74,1,0,0,7
U009,55,9,28,94.88,0,0,0,9
U009,56,9,35,59.13,0,1,0,9
U009,57,10,23,68.27,2,0,1,12
U009,58,9,25,90.13,1,0,0,4
U009,59,10,12,85.22,1,0,0,8
U009,60,10,33,149.69,0,0,0,6
U010,1,8,20,49.65,1,0,0,6
U010,2,7,21,14.06,2,1,0,7
U010,3,9,15,52.52,2,0,0,7
U010,4,8,19,26.89,1,0,0,8
U010,5,8,12,80.91,0,0,0,7
U010,6,8,13,43.16,1,1,0,9
U010,7,10,28,29.3,0,0,0,5
U010,8,10,21,67.82,1,0,0,5
U010,9,8,9,68.03,1,0,0,7
U010,10,9,14,64.85,0,1,1,12
U010,11,8,17,60.44,1,0,0,8
U010,12,8,25,58.02,2,0,0,9
U010,13,8,12,55.46,1,0,0,8
U010,14,8,27,62.32,0,0,0,5
U010,15,8,14,63.62,1,0,0,6
U010,16,8,13,53.44,0,0,1,7
U010,17,8,17,55.05,1,0,0,8
U010,18,9,10,62.92,2,0,0,6
U010,19,8,9,74.24,1,0,0,6
U010,20,9,11,80.61,1,0,0,5
U010,21,8,14,28.64,1,0,0,7
U010,22,9,18,57.63,1,0,0,5
U010,23,9,0,46.81,1,0,0,8
U010,24,9,16,63.35,2,0,0,10
U010,25,7,13,37.92,1,0,1,7
U010,26,9,24,17.79,1,0,0,8
U010,27,8,15,70.1,1,0,0,6
U010,28,9,15,27.58,2,0,0,7
U010,29,9,13,36.44,0,1,0,6
U010,30,8,9,27.95,0,0,0,11
U010,31,9,18,75.56,1,0,1,3
U010,32,9,6,0.0,0,0,0,8
U010,33,7,20,39.57,4,0,0,4
U010,34,9,0,36.25,0,0,2,5
U010,35,9,17,46.1,0,0,0,7
U010,36,9,5,8.06,0,0,0,9
U010,37,10,16,56.47,1,0,1,5
U010,38,9,12,44.71,1,0,0,5
U010,39,10,16,18.16,2,0,0,9
U010,40,7,17,0.0,3,0,1,8
U010,41,9,18,81.94,1,0,0,8
U010,42,9,14,65.93,3,0,0,7
U010,43,10,18,69.24,0,1,0,6
U010,44,7,9,14.86,0,0,1,7
U010,45,10,7,73.27,1,0,0,9
U010,46,9,12,36.85,2,1,0,9
U010,47,7,15,74.14,1,0,0,5
U010,48,8,12,82.28,0,0,0,6
U010,49,8,21,48.37,0,0,0,6
U010,50,9,17,77.59,0,0,0,5
U010,51,8,16,74.39,2,0,0,5
U010,52,8,5,69.1,3,0,0,9
U010,53,9,18,60.67,1,0,0,6
U010,54,9,5,55.11,1,0,0,9
U010,55,8,6,34.72,1,0,0,6
U010,56,8,16,40.91,2,0,0,8
U010,57,9,11,57.06,1,0,0,10
U010,58,9,14,49.69,0,0,0,6
U010,59,9,20,8.43,0,0,1,11
U010,60,8,18,40.83,0,0,1,7
U011,1,10,35,90.99,0,0,0,8
U011,2,9,29,99.57,3,0,0,9
U011,3,10,36,67.45,1,0,1,9
U011,4,9,28,95.22,1,1,0,10
U011,5,10,30,57.46,1,0,1,10
U011,6,7,28,106.64,1,0,0,10
U011,7,10,25,86.65,2,0,0,8
U011,8,8,30,104.12,0,0,1,9
U011,9,9,21,80.49,0,0,0,10
U011,10,10,39,74.96,0,1,0,8
U011,11,9,27,74.11,0,0,0,10
U011,12,10,41,101.13,0,0,0,10
U011,13,10,26,62.22,0,0,0,9
U011,14,11,33,101.18,0,0,1,9
U011,15,8,36,61.28,1,0,0,9
U011,16,10,30,75.63,1,0,1,8
U011,17,8,34,93.87,1,0,0,8
U011,18,7,23,65.89,1,0,1,7
U011,19,10,32,97.51,1,0,0,9
U011,20,9,29,111.21,0,0,0,8
U011,21,9,36,94.35,1,0,0,11
U011,22,10,30,108.46,3,0,0,9
U011,23,10,26,88.88,2,0,0,8
U011,24,7,19,105.55,2,0,0,8
U011,25,10,34,82.68,0,0,0,9
U011,26,8,35,113.0,0,0,0,7
U011,27,8,40,67.11,0,0,0,9
U011,28,8,25,88.99,2,0,1,9
U011,29,9,25,79.07,2,0,0,8
U011,30,8,41,73.56,0,1,0,10
U011,31,10,31,108.66,1,0,0,9
U011,32,9,24,72.64,0,0,1,9
U011,33,9,38,92.89,2,0,0,10
U011,34,8,41,70.3,1,0,0,8
U011,35,11,27,85.73,1,0,0,8
U011,36,11,27,117.25,0,0,0,8
U011,37,8,26,106.08,1,0,1,9
U011,38,8,13,94.88,0,0,0,7
U011,39,12,27,118.84,1,0,0,8
U011,40,7,29,79.78,2,0,0,10
U011,41,8,31,69.0,1,0,1,8
U011,42,9,23,88.51,1,0,0,9
U011,43,10,21,94.04,0,0,1,8
U011,44,10,32,80.12,0,0,0,8
U011,45,10,37,71.45,0,0,0,8
U011,46,9,32,103.25,0,0,1,9
U011,47,9,27,65.22,1,0,0,7
U011,48,9,34,82.84,2,0,0,11
U011,49,8,34,92.65,0,0,0,9
U011,50,9,23,121.28,0,0,0,10
U011,51,10,31,104.34,0,0,0,9
U011,52,8,30,85.32,1,0,0,11
U011,53,8,33,90.33,0,0,0,10
U011,54,9,26,99.67,2,0,0,8
U011,55,11,29,87.35,1,0,0,8
U011,56,10,28,92.3,0,0,0,8
U011,57,8,34,59.8,1,0,0,10
U011,58,9,36,80.73,0,0,1,8
U011,59,11,30,85.09,2,0,0,10
U011,60,9,37,63.22,2,0,0,5
U012,1,7,0,12.59,2,0,0,6
U012,2,7,17,42.14,0,0,0,6
U012,3,7,19,90.25,0,0,1,10
U012,4,6,12,78.2,0,0,0,4
U012,5,10,16,60.65,0,0,0,0
U012,6,7,25,37.32,1,0,1,7
U012,7,8,7,59.03,1,0,0,4
U012,8,9,8,57.07,1,0,0,6
U012,9,6,5,49.84,0,1,0,9
U012,10,9,19,69.36,1,0,0,6
U012,11,8,25,45.58,1,0,1,1
U012,12,6,21,30.19,2,0,0,6
U012,13,6,7,42.97,1,0,0,0
U012,14,7,22,45.52,1,0,0,8
U012,15,7,10,16.11,0,0,0,6
U012,16,9,27,28.76,0,0,0,4
U012,17,6,26,58.01,0,0,0,4
U012,18,9,19,29.85,2,0,0,6
U012,19,7,19,21.97,1,0,0,5
U012,20,7,25,15.33,0,0,0,1
U012,21,7,9,50.27,0,0,0,3
U012,22,10,1,46.97,0,0,0,7
U012,23,10,34,79.93,1,0,0,6
U012,24,9,30,42.98,0,0,0,3
U012,25,9,0,77.18,2,0,0,8
U012,26,7,23,52.85,0,0,0,5
U012,27,9,19,46.34,1,0,0,3
U012,28,9,17,54.97,1,0,0,4
U012,29,8,6,40.42,3,0,0,8
U012,30,8,19,61.59,2,0,0,4
U012,31,6,33,38.32,1,0,0,9
U012,32,6,11,53.91,2,0,0,0
U012,33,6,30,50.67,1,0,0,4
U012,34,8,17,108.63,0,0,0,6
U012,35,7,27,30.61,0,0,0,5
U012,36,6,21,29.56,0,0,0,6
U012,37,9,7,66.85,1,0,0,6
U012,38,8,24,32.78,1,0,1,5
U012,39,9,20,34.5,1,0,0,5
U012,40,11,8,22.65,1,0,0,4
U012,41,8,19,49.52,1,1,0,7
U012,42,11,14,79.08,0,0,0,6
U012,43,10,15,44.27,0,0,0,0
U012,44,9,25,51.84,0,0,0,4
U012,45,8,0,64.55,1,0,0,4
U012,46,9,19,45.24,3,0,0,9
U012,47,7,4,28.17,1,0,1,7
U012,48,10,22,81.6,0,0,0,10
U012,49,9,45,44.22,0,0,0,6
U012,50,9,18,54.18,1,1,0,2
U012,51,9,9,28.28,2,0,0,5
U012,52,8,32,45.27,0,0,0,7
U012,53,7,48,43.73,2,0,0,1
U012,54,9,37,28.97,0,0,0,0
U012,55,7,20,59.22,0,0,0,3
U012,56,9,28,37.42,2,0,0,5
U012,57,6,21,54.77,3,0,0,7
U012,58,9,14,35.55,2,0,1,8
U012,59,9,8,42.41,1,0,0,7
U012,60,6,21,47.5,0,0,0,13
U013,1,10,28,44.41,0,0,1,12
U013,2,8,15,41.61,0,0,0,10
U013,3,8,1,52.31,0,0,0,9
U013,4,9,24,45.39,0,0,1,5
U013,5,9,14,45.24,0,0,0,3
U013,6,8,16,64.37,0,0,0,8
U013,7,9,19,64.06,0,0,0,15
U013,8,8,22,54.73,1,0,0,6
U013,9,8,30,44.79,0,0,0,11
U013,10,9,11,84.28,1,0,0,6
U013,11,9,41,45.94,0,0,0,13
U013,12,8,34,55.49,0,0,0,11
U013,13,9,37,50.48,0,0,0,10
U013,14,9,26,43.53,0,0,0,8
U013,15,8,17,60.01,0,0,0,4
U013,16,9,26,66.06,0,0,0,7
U013,17,9,29,57.39,0,0,0,11
U013,18,8,29,49.33,0,1,0,11
U013,19,9,0,60.69,1,0,0,6
U013,20,8,36,47.29,0,0,0,11
U013,21,9,1,74.65,1,0,0,10
U013,22,9,27,50.93,0,0,0,12
U013,23,9,13,73.54,0,0,0,5
U013,24,8,19,51.59,0,0,1,10
U013,25,10,23,55.69,0,0,1,9
U013,26,9,2,47.99,0,0,0,8
U013,27,8,10,50.51,0,0,1,8
U013,28,9,18,45.83,1,0,0,8
U013,29,8,15,50.17,2,0,0,13
U013,30,9,0,65.49,1,0,0,7
U013,31,9,34,47.98,0,0,0,11
U013,32,9,18,46.41,0,0,0,9
U013,33,10,18,48.51,0,0,0,13
U013,34,9,37,49.84,1,0,0,8
U013,35,10,0,59.97,0,0,0,7
U013,36,9,19,53.87,1,0,0,7
U013,37,10,4,39.71,0,0,0,3
U013,38,10,5,58.38,0,0,1,8
U013,39,9,12,44.65,0,0,1,5
U013,40,9,13,63.11,0,0,0,8
U013,41,8,31,46.2,0,0,1,11
U013,42,9,8,53.97,0,0,1,6
U013,43,9,21,45.56,0,0,0,4
U013,44,8,30,57.99,0,0,1,10
U013,45,8,11,49.28,1,0,0,6
U013,46,9,6,49.0,0,0,0,9
U013,47,8,33,52.0,0,0,0,7
U013,48,10,13,33.06,1,0,0,9
U013,49,9,15,48.06,0,0,0,10
U013,50,9,39,51.7,1,0,0,9
U013,51,10,33,54.04,0,0,0,10
U013,52,8,17,49.32,0,0,0,11
U013,53,9,23,66.23,0,0,0,3
U013,54,9,6,48.56,0,0,0,11
U013,55,8,12,72.41,1,0,0,11
U013,56,9,28,40.67,0,1,0,5
U013,57,9,12,47.13,0,0,0,11
U013,58,9,20,67.11,0,0,1,7
U013,59,9,49,42.59,0,0,0,8
U013,60,8,45,48.29,0,0,0,11
U014,1,7,30,49.77,2,0,0,9
U014,2,10,23,99.77,1,0,0,8
U014,3,7,27,78.57,1,0,0,9
U014,4,7,23,42.75,0,0,0,8
U014,5,7,24,39.0,1,0,0,8
U014,6,7,30,66.71,1,0,0,10
U014,7,10,31,61.8,0,0,0,8
U014,8,8,18,110.94,0,0,1,9
U014,9,6,27,91.6,1,0,1,8
U014,10,8,15,82.93,1,0,0,8
U014,11,10,23,63.01,0,0,0,5
U014,12,8,24,134.84,0,0,0,8
U014,13,9,28,54.41,3,0,0,9
U014,14,8,22,105.0,0,0,0,9
U014,15,8,24,100.21,1,0,0,7
U014,16,11,26,128.5,1,0,0,6
U014,17,8,29,52.55,1,0,0,7
U014,18,7,24,84.81,2,0,0,8
U014,19,7,15,97.56,0,0,0,9
U014,20,8,9,111.5,1,0,0,11
U014,21,8,30,87.98,2,0,0,8
U014,22,8,16,61.13,1,0,1,7
U014,23,7,19,43.79,1,0,0,8
U014,24,7,19,74.65,0,0,0,9
U014,25,6,26,145.11,2,0,0,7
U014,26,8,17,102.23,0,0,2,9
U014,27,8,26,59.67,0,0,0,8
U014,28,7,19,64.82,1,0,0,7
U014,29,8,25,76.06,2,0,0,8
U014,30,9,31,59.65,0,0,0,8
U014,31,13,24,80.97,2,0,0,8
U014,32,8,17,76.36,1,0,0,6
U014,33,6,20,105.38,0,0,0,7
U014,34,7,15,80.74,1,0,0,8
U014,35,6,39,66.46,0,0,0,8
U014,36,9,15,90.63,3,0,0,8
U014,37,9,16,97.13,1,0,0,8
U014,38,6,23,31.05,1,0,0,5
U014,39,8,19,41.62,2,0,1,8
U014,40,9,27,132.52,2,0,0,5
U014,41,12,21,109.3,0,0,0,10
U014,42,8,18,122.35,0,0,0,6
U014,43,8,24,45.69,0,0,0,10
U014,44,11,17,27.06,0,0,1,9
U014,45,9,33,28.39,0,0,1,7
U014,46,6,33,31.21,2,0,0,8
U014,47,7,20,84.64,0,0,0,8
U014,48,7,9,55.04,0,0,0,8
U014,49,8,13,61.41,0,0,0,7
U014,50,7,18,87.27,0,0,0,7
U014,51,10,17,31.27,1,0,0,9
U014,52,6,20,105.81,4,0,0,9
U014,53,7,18,12.68,2,0,0,8
U014,54,10,21,111.8,1,0,0,10
U014,55,8,29,75.65,1,1,1,5
U014,56,7,21,72.61,1,0,0,4
U014,57,8,25,74.25,1,0,0,8
U014,58,9,17,113.58,0,0,0,8
U014,59,8,26,106.22,2,0,1,6
U014,60,8,18,61.41,0,0,0,9
U015,1,9,8,131.34,1,0,0,9
U015,2,11,37,76.05,0,0,0,6
U015,3,9,38,69.18,1,0,0,11
U015,4,9,24,104.82,1,0,0,5
U015,5,9,50,63.4,0,0,0,15
U015,6,9,38,64.58,1,0,2,8
U015,7,10,9,97.82,0,0,0,4
U015,8,9,32,113.3,1,1,0,11
U015,9,10,34,129.07,1,0,0,5
U015,10,9,37,111.26,0,0,1,2
U015,11,8,35,44.66,0,0,0,11
U015,12,9,38,76.83,1,0,1,1
U015,13,9,40,98.7,1,0,1,4
U015,14,9,34,153.72,1,0,0,6
U015,15,9,27,70.5,0,0,0,7
U015,16,8,26,99.34,1,0,0,4
U015,17,9,31,101.69,2,0,0,10
U015,18,11,27,88.6,2,0,0,5
U015,19,10,17,106.12,1,0,0,8
U015,20,9,40,157.81,2,0,0,9
U015,21,11,36,60.8,2,0,0,7
U015,22,10,25,101.36,3,0,0,1
U015,23,8,42,105.8,1,0,0,12
U015,24,10,33,118.98,0,0,0,7
U015,25,9,29,81.9,3,0,1,10
U015,26,9,32,104.83,1,0,0,6
U015,27,9,23,69.54,1,0,0,8
U015,28,9,12,53.54,2,0,0,8
U015,29,9,22,79.95,0,0,0,3
U015,30,9,18,80.06,1,0,0,4
U015,31,8,16,93.86,1,0,0,5
U015,32,8,18,86.39,1,0,0,7
U015,33,9,36,101.75,0,0,0,6
U015,34,9,16,120.88,0,0,0,10
U015,35,9,22,105.41,0,1,0,9
U015,36,8,26,39.81,3,0,0,7
U015,37,8,15,128.77,1,0,1,5
U015,38,8,31,75.18,0,0,0,2
U015,39,11,21,60.17,2,0,0,13
U015,40,9,23,97.0,2,0,0,11
U015,41,10,36,84.51,1,0,0,0
U015,42,9,27,70.52,1,1,1,3
U015,43,11,48,53.85,1,0,0,13
U015,44,11,12,71.84,1,0,0,9
U015,45,9,19,78.35,1,0,0,12
U015,46,8,29,90.88,0,0,1,10
U015,47,9,42,114.14,1,0,0,7
U015,48,9,33,79.69,1,0,0,3
U015,49,10,26,95.76,0,0,1,9
U015,50,8,22,86.35,1,0,0,3
U015,51,10,17,58.19,1,0,1,6
U015,52,9,31,87.61,1,0,0,10
U015,53,9,26,150.98,0,0,0,4
U015,54,10,28,52.56,2,0,0,7
U015,55,8,36,103.79,0,0,1,3
U015,56,10,28,97.95,0,0,0,11
U015,57,9,24,79.55,2,0,0,1
U015,58,9,33,89.05,1,0,0,10
U015,59,9,30,80.55,1,0,0,11
U015,60,9,45,63.26,2,0,1,15
U016,1,7,29,95.97,0,0,0,9
U016,2,12,21,68.68,2,0,0,9
U016,3,9,43,68.87,0,0,0,12
U016,4,9,32,76.59,2,0,0,9
U016,5,9,19,110.86,0,0,0,11
U016,6,6,32,111.78,1,0,0,7
U016,7,11,39,86.45,1,0,0,7
U016,8,8,30,71.75,1,0,1,9
U016,9,9,45,82.01,1,0,0,9
U016,10,9,21,96.99,3,0,0,10
U016,11,10,46,75.65,2,0,0,7
U016,12,8,51,92.26,0,0,0,8
U016,13,11,20,81.55,0,1,0,8
U016,14,11,27,82.05,1,0,0,9
U016,15,10,33,46.03,0,0,0,10
U016,16,10,33,72.18,0,0,0,10
U016,17,9,39,62.5,1,0,1,12
U016,18,9,9,51.39,0,0,0,7
U016,19,10,29,75.0,0,0,0,12
U016,20,11,25,63.31,0,0,0,8
U016,21,11,31,48.85,0,0,0,7
U016,22,8,44,64.43,0,0,1,9
U016,23,8,42,61.91,0,0,0,8
U016,24,6,44,123.69,0,0,0,10
U016,25,9,37,87.6,1,0,0,6
U016,26,7,35,99.49,1,0,0,9
U016,27,11,41,58.98,1,0,0,10
U016,28,7,25,57.67,1,0,0,10
U016,29,11,32,97.18,0,0,0,10
U016,30,12,19,58.77,0,1,0,11
U016,31,12,35,31.05,1,1,0,10
U016,32,11,17,72.77,0,1,0,11
U016,33,11,39,101.7,0,0,0,11
U016,34,11,24,67.25,1,0,0,8
U016,35,7,32,77.43,1,0,1,9
U016,36,10,45,82.67,0,0,0,8
U016,37,9,35,103.74,1,0,0,9
U016,38,9,48,75.7,1,0,0,10
U016,39,8,36,84.44,2,0,0,9
U016,40,13,29,78.7,0,0,0,11
U016,41,9,35,82.29,0,0,0,9
U016,42,12,35,99.88,1,0,0,9
U016,43,6,22,84.62,1,0,0,12
U016,44,7,51,54.59,1,0,0,9
U016,45,10,34,92.19,0,0,0,6
U016,46,11,43,55.65,2,0,0,13
U016,47,10,41,38.93,0,1,0,13
U016,48,6,36,82.14,1,0,0,9
U016,49,12,38,79.94,0,0,0,7
U016,50,9,27,63.4,0,0,0,9
U016,51,9,19,76.63,1,0,0,9
U016,52,8,52,85.26,1,0,0,8
U016,53,11,45,81.83,1,0,0,8
U016,54,8,49,74.21,3,0,0,10
U016,55,9,19,44.86,0,0,0,10
U016,56,8,32,82.48,0,0,0,10
U016,57,10,33,78.69,2,0,0,10
U016,58,9,29,70.81,1,0,0,10
U016,59,8,36,63.91,0,0,1,6
U016,60,11,36,61.55,1,0,0,8
U017,1,6,18,106.77,1,0,0,8
U017,2,10,3,81.71,2,0,0,7
U017,3,10,29,42.89,0,0,0,9
U017,4,8,36,103.59,1,0,0,10
U017,5,7,38,66.29,2,0,0,7
U017,6,6,11,73.13,1,0,1,9
U017,7,8,33,81.84,1,0,1,11
U017,8,6,12,52.02,0,0,0,6
U017,9,6,31,72.4,0,0,1,8
U017,10,6,3,89.66,1,0,1,10
U017,11,9,24,88.67,1,0,0,13
U017,12,6,44,97.2,0,0,0,9
U017,13,6,34,100.31,1,0,1,9
U017,14,10,26,83.82,0,0,0,7
U017,15,10,38,49.82,2,0,0,6
U017,16,11,41,76.93,0,0,0,12
U017,17,6,9,87.89,0,0,0,7
U017,18,9,13,65.69,1,0,0,2
U017,19,7,36,73.2,1,0,0,8
U017,20,6,32,97.82,2,0,0,6
U017,21,6,22,88.59,0,1,1,13
U017,22,6,37,47.78,0,0,0,10
U017,23,11,18,132.09,3,0,0,9
U017,24,9,28,72.24,0,0,0,11
U017,25,8,43,85.71,2,0,0,7
U017,26,10,25,84.45,1,0,0,12
U017,27,10,19,71.98,2,0,0,4
U017,28,7,15,65.78,1,0,0,7
U017,29,8,26,67.88,0,0,0,8
U017,30,6,8,83.15,1,0,0,6
U017,31,6,31,68.32,3,0,0,7
U017,32,6,20,74.56,1,0,1,8
U017,33,9,32,77.25,0,0,0,5
U017,34,6,39,68.74,0,0,0,11
U017,35,9,45,72.61,1,0,0,0
U017,36,9,19,41.49,0,0,0,4
U017,37,11,25,79.92,3,0,1,3
U017,38,7,23,105.04,0,0,0,7
U017,39,6,37,45.41,0,0,0,11
U017,40,10,14,62.01,0,0,0,3
U017,41,8,44,136.66,2,0,0,8
U017,42,7,32,87.31,1,0,0,8
U017,43,8,34,61.06,0,0,0,8
U017,44,8,49,88.72,1,1,0,9
U017,45,11,8,56.01,2,0,0,12
U017,46,6,12,90.96,1,1,0,4
U017,47,9,36,101.8,0,0,0,11
U017,48,7,26,74.24,1,0,1,6
U017,49,8,27,94.65,1,0,0,12
U017,50,8,27,100.32,2,0,0,10
U017,51,21,158,403.97,6,1,1,64
U017,52,23,106,242.85,2,0,5,25
U017,53,22,80,445.89,6,1,3,53
U017,54,0,163,450.59,2,1,2,33
U017,55,2,131,431.92,6,1,2,33
U017,56,20,151,377.36,5,1,3,60
U017,57,21,118,357.33,3,1,5,44
U017,58,1,143,386.07,1,1,2,39
U017,59,19,120,255.72,2,1,1,58
U017,60,21,82,341.7,5,1,1,48
U018,1,9,26,33.41,1,0,0,10
U018,2,12,28,74.29,2,0,1,7
U018,3,11,40,35.38,0,0,0,12
U018,4,6,43,79.88,0,0,1,7
U018,5,7,46,10.27,0,0,0,3
U018,6,6,33,6.86,0,0,0,8
U018,7,6,47,37.45,1,0,1,10
U018,8,7,36,13.89,0,0,0,5
U018,9,7,30,20.14,1,0,0,6
U018,10,6,21,39.27,1,0,0,6
U018,11,9,37,37.44,2,0,0,7
U018,12,8,39,20.87,2,0,0,14
U018,13,10,39,49.22,2,0,0,8
U018,14,9,34,36.21,1,0,0,6
U018,15,7,39,27.39,1,0,0,10
U018,16,8,40,17.06,0,0,0,11
U018,17,6,44,54.34,1,0,0,11
U018,18,6,28,20.04,0,0,0,5
U018,19,10,27,9.61,0,0,0,6
U018,20,9,8,52.97,1,1,0,11
U018,21,6,30,12.4,1,0,0,5
U018,22,6,44,39.65,0,0,0,3
U018,23,8,35,46.59,1,0,0,12
U018,24,13,39,79.92,2,0,0,11
U018,25,7,29,56.75,0,0,0,8
U018,26,9,26,23.53,0,0,0,5
U018,27,9,16,61.54,1,0,0,5
U018,28,6,50,17.36,0,0,0,10
U018,29,7,46,16.84,0,0,1,12
U018,30,12,30,56.64,1,0,1,8
U018,31,8,41,49.46,0,0,0,7
U018,32,7,36,41.33,1,0,0,10
U018,33,7,26,98.05,1,0,0,9
U018,34,6,38,30.35,1,0,0,7
U018,35,9,19,45.15,1,0,0,2
U018,36,12,19,48.18,0,1,0,6
U018,37,6,8,42.82,0,0,0,3
U018,38,8,20,33.34,0,0,0,4
U018,39,8,25,35.73,0,0,0,6
U018,40,8,40,0.0,2,0,0,12
U018,41,7,43,40.56,0,0,0,9
U018,42,6,25,14.36,0,0,0,10
U018,43,7,30,23.22,0,0,0,2
U018,44,6,24,74.76,0,0,0,6
U018,45,6,22,39.91,0,0,0,10
U018,46,8,48,0.0,0,0,0,8
U018,47,7,38,49.08,1,0,0,4
U018,48,7,27,20.5,0,0,0,8
U018,49,7,6,43.7,0,0,0,8
U018,50,9,34,19.21,0,0,0,2
U018,51,8,23,16.52,1,0,0,8
U018,52,11,31,0.0,0,0,1,10
U018,53,8,27,52.86,0,0,0,7
U018,54,6,36,6.85,0,0,0,5
U018,55,9,33,48.44,1,0,0,11
U018,56,11,34,56.22,0,0,0,9
U018,57,6,24,49.65,0,0,0,8
U018,58,7,29,57.55,1,1,0,5
U018,59,8,19,25.38,0,0,0,5
U018,60,8,28,2.77,0,0,0,6
U019,1,8,0,99.55,1,0,0,5
U019,2,9,26,87.99,0,0,0,3
U019,3,9,17,70.8,0,0,0,5
U019,4,8,30,96.19,1,0,0,0
U019,5,9,5,87.07,0,0,1,2
U019,6,8,14,86.08,0,0,0,0
U019,7,9,22,117.19,0,0,0,6
U019,8,8,7,121.19,2,0,0,6
U019,9,8,29,70.61,0,0,0,1
U019,10,9,22,108.91,0,0,0,3
U019,11,9,16,82.94,0,0,0,2
U019,12,9,9,56.31,0,0,0,9
U019,13,7,2,79.33,0,0,0,7
U019,14,9,16,73.25,1,0,0,5
U019,15,7,7,63.96,1,0,0,4
U019,16,8,0,72.85,0,0,0,1
U019,17,10,11,73.7,2,0,0,5
U019,18,8,12,88.54,0,0,0,2
U019,19,9,25,66.78,1,0,0,6
U019,20,8,11,105.01,0,0,0,4
U019,21,9,16,90.91,1,0,0,0
U019,22,8,28,78.53,1,0,0,0
U019,23,7,29,105.0,2,0,0,1
U019,24,8,15,84.42,0,0,0,0
U019,25,9,16,67.85,2,0,0,8
U019,26,9,6,102.79,1,0,1,4
U019,27,9,7,83.52,1,0,0,4
U019,28,9,0,94.13,0,0,0,7
U019,29,10,0,92.55,0,0,0,7
U019,30,9,5,87.59,3,0,0,4
U019,31,8,4,77.3,1,0,0,6
U019,32,9,17,71.13,1,0,0,4
U019,33,8,28,63.83,2,0,0,3
U019,34,7,16,89.14,0,0,0,0
U019,35,9,34,105.9,0,0,0,0
U019,36,9,18,75.37,0,0,0,5
U019,37,9,24,75.78,1,0,0,4
U019,38,8,11,94.32,0,0,0,4
U019,39,9,12,85.83,0,0,0,1
U019,40,7,9,86.71,1,0,0,6
U019,41,8,11,111.03,1,0,1,3
U019,42,8,5,65.73,0,0,0,1
U019,43,8,32,73.06,0,0,0,2
U019,44,8,23,104.32,0,0,0,9
U019,45,9,20,86.95,0,0,2,2
U019,46,7,12,100.91,2,0,0,4
U019,47,7,24,56.01,0,1,0,5
U019,48,7,9,101.54,0,0,0,3
U019,49,8,21,74.79,0,0,0,0
U019,50,9,14,83.97,1,0,0,3
U019,51,9,16,83.32,0,1,0,0
U019,52,8,10,73.03,2,0,0,5
U019,53,9,23,93.49,0,0,0,3
U019,54,9,0,91.35,0,1,0,7
U019,55,9,14,92.5,0,0,0,0
U019,56,7,18,62.37,0,0,0,5
U019,57,8,33,89.94,0,0,0,7
U019,58,8,0,101.85,1,0,0,9
U019,59,9,23,103.82,0,0,0,2
U019,60,9,10,77.04,1,0,0,7
U020,1,10,32,38.33,0,0,0,5
U020,2,9,28,21.04,0,0,0,12
U020,3,9,33,27.92,1,0,0,7
U020,4,10,32,43.19,3,0,0,10
U020,5,9,31,33.22,0,1,0,12
U020,6,9,37,38.51,1,0,0,9
U020,7,10,30,11.61,0,0,0,5
U020,8,9,26,49.42,0,0,0,10
U020,9,9,25,21.65,0,0,0,2
U020,10,8,32,16.61,1,0,0,11
U020,11,8,27,41.19,0,0,0,4
U020,12,9,30,3.32,0,0,0,10
U020,13,10,34,12.68,0,0,0,9
U020,14,9,23,16.5,1,0,0,6
U020,15,10,32,11.9,0,0,0,6
U020,16,8,39,10.58,1,0,1,8
U020,17,9,29,34.24,0,0,0,9
U020,18,10,29,40.36,0,0,0,7
U020,19,9,37,3.11,0,0,0,8
U020,20,10,31,22.39,0,0,0,7
U020,21,10,40,27.62,1,1,0,8
U020,22,8,26,0.0,0,0,0,5
U020,23,9,38,36.3,0,0,0,8
U020,24,10,30,19.75,0,0,0,5
U020,25,9,32,36.73,0,0,0,4
U020,26,9,31,19.36,3,0,0,8
U020,27,9,34,18.45,2,0,1,9
U020,28,10,45,2.18,1,0,0,7
U020,29,9,21,21.32,1,0,0,3
U020,30,10,28,28.03,0,0,0,6
U020,31,9,33,29.16,0,0,0,8
U020,32,8,53,44.57,0,0,0,9
U020,33,9,30,33.32,1,0,0,8
U020,34,9,40,42.68,0,0,0,11
U020,35,9,32,4.8,0,0,0,7
U020,36,10,39,29.8,1,0,0,6
U020,37,11,36,13.72,1,0,0,7
U020,38,7,41,14.99,0,0,1,5
U020,39,10,21,8.04,1,0,0,8
U020,40,10,31,28.98,0,0,0,10
U020,41,9,22,0.6,1,0,0,10
U020,42,9,34,24.94,0,0,0,6
U020,43,9,18,0.0,1,0,0,6
U020,44,9,43,18.45,3,0,1,12
U020,45,8,30,20.04,0,0,0,7
U020,46,9,24,0.0,1,0,0,5
U020,47,10,35,27.21,0,0,0,6
U020,48,8,30,32.8,1,0,0,5
U020,49,10,36,7.33,0,0,0,5
U020,50,9,34,53.81,0,1,0,9
U020,51,10,27,2.31,0,0,0,2
U020,52,10,24,13.78,1,0,0,2
U020,53,11,34,25.94,1,0,0,12
U020,54,10,28,12.64,1,1,0,8
U020,55,9,27,0.0,0,0,0,5
U020,56,10,26,33.16,1,0,1,9
U020,57,9,28,0.0,0,0,0,4
U020,58,9,32,16.43,2,0,1,9
U020,59,10,35,31.64,0,0,0,7
U020,60,9,22,23.9,0,0,0,7
U021,1,12,49,82.67,2,0,0,8
U021,2,10,41,69.09,2,0,0,7
U021,3,8,34,70.71,0,0,0,9
U021,4,7,30,102.12,2,0,0,10
U021,5,8,35,73.82,1,0,0,4
U021,6,9,31,71.06,1,0,1,6
U021,7,9,41,91.67,1,0,0,5
U021,8,7,23,89.03,2,0,0,11
U021,9,11,34,99.33,0,0,0,9
U021,10,10,34,94.52,1,0,1,10
U021,11,6,43,73.95,0,0,0,16
U021,12,7,34,81.95,2,0,0,10
U021,13,10,35,73.32,0,0,1,10
U021,14,8,43,84.42,0,0,0,4
U021,15,9,33,92.15,3,0,0,9
U021,16,7,29,72.94,3,0,0,8
U021,17,10,47,79.07,1,0,1,10
U021,18,8,28,74.71,1,0,0,11
U021,19,6,24,72.01,1,0,0,8
U021,20,10,42,73.22,2,0,0,7
U021,21,8,30,80.19,1,0,0,11
U021,22,9,32,116.46,1,0,0,5
U021,23,7,36,79.18,1,0,0,12
U021,24,7,37,97.38,1,0,0,12
U021,25,8,48,81.76,0,0,0,14
U021,26,11,27,81.65,3,0,1,11
U021,27,8,34,77.12,2,0,0,13
U021,28,9,31,76.14,1,0,0,4
U021,29,11,30,77.75,2,0,0,5
U021,30,8,35,97.16,1,0,0,11
U021,31,9,24,80.49,3,0,0,9
U021,32,8,33,68.44,0,0,0,9
U021,33,10,33,103.02,1,0,0,9
U021,34,11,32,80.27,2,0,0,8
U021,35,6,33,107.01,0,0,0,10
U021,36,10,31,97.55,1,0,0,9
U021,37,6,35,92.37,1,0,0,7
U021,38,8,20,77.11,2,0,0,9
U021,39,12,22,116.78,0,0,0,9
U021,40,12,22,84.32,0,0,0,8
U021,41,10,40,70.28,1,0,0,14
U021,42,7,36,124.09,0,0,0,9
U021,43,8,37,86.03,1,0,0,12
U021,44,7,29,85.03,0,0,0,13
U021,45,12,40,74.56,1,0,0,5
U021,46,8,37,86.04,1,0,0,12
U021,47,10,20,59.45,2,0,0,8
U021,48,13,38,83.82,3,0,0,5
U021,49,9,43,90.91,1,0,0,9
U021,50,11,34,70.99,0,1,0,6
U021,51,10,38,105.49,2,0,0,14
U021,52,10,31,75.33,1,0,0,11
U021,53,6,38,102.04,1,0,0,10
U021,54,10,33,97.58,2,0,1,8
U021,55,9,33,49.48,1,0,0,6
U021,56,12,29,69.97,2,0,0,11
U021,57,10,34,77.81,1,1,0,13
U021,58,7,30,105.31,3,0,0,11
U021,59,11,38,91.6,1,0,0,3
U021,60,8,32,94.02,1,0,0,3
U022,1,6,13,61.99,0,0,0,8
U022,2,12,18,18.96,0,0,0,6
U022,3,9,27,30.83,0,0,0,7
U022,4,8,32,48.28,1,0,0,3
U022,5,12,11,66.28,0,0,0,7
U022,6,11,14,12.28,0,0,0,9
U022,7,6,15,39.64,0,0,1,11
U022,8,7,35,46.37,1,1,0,5
U022,9,6,11,7.6,2,0,0,8
U022,10,6,28,47.35,1,0,0,5
U022,11,6,22,35.02,2,0,1,8
U022,12,8,23,14.33,1,0,0,6
U022,13,11,28,0.0,1,0,0,9
U022,14,9,15,11.2,1,0,0,5
U022,15,11,13,31.94,2,0,0,7
U022,16,8,21,33.6,1,0,0,4
U022,17,7,13,0.36,0,0,0,11
U022,18,8,23,0.0,1,0,0,2
U022,19,11,21,0.0,1,0,0,7
U022,20,10,23,0.0,0,0,0,5
U022,21,6,21,17.72,0,0,0,10
U022,22,11,25,30.96,0,0,1,6
U022,23,6,16,0.0,1,0,0,11
U022,24,6,20,25.29,0,0,0,4
U022,25,9,13,37.15,0,0,1,8
U022,26,7,24,17.5,0,0,0,7
U022,27,9,11,21.04,0,0,0,6
U022,28,6,21,0.0,0,0,1,7
U022,29,7,24,22.29,0,0,1,4
U022,30,6,37,34.73,1,0,0,6
U022,31,7,11,1.13,1,0,0,8
U022,32,7,29,0.0,0,0,0,5
U022,33,7,21,13.48,0,0,0,9
U022,34,7,24,36.29,1,0,0,10
U022,35,6,18,6.27,2,0,1,10
U022,36,9,19,43.82,0,0,0,6
U022,37,7,19,63.43,1,0,0,5
U022,38,7,22,18.13,0,0,0,6
U022,39,6,28,42.64,0,0,0,9
U022,40,10,22,53.72,1,0,0,6
U022,41,6,24,15.82,0,0,0,4
U022,42,9,21,58.52,1,0,0,5
U022,43,8,27,9.73,0,0,0,9
U022,44,6,22,26.39,0,0,0,6
U022,45,9,23,27.61,0,0,0,7
U022,46,6,5,13.94,1,0,0,6
U022,47,8,20,0.0,2,0,0,4
U022,48,8,18,55.93,0,0,0,3
U022,49,9,20,0.0,1,0,0,8
U022,50,9,30,51.43,1,0,0,1
U022,51,6,12,18.74,2,0,0,10
U022,52,8,32,3.84,0,0,1,6
U022,53,9,27,36.9,1,0,0,1
U022,54,6,15,24.62,1,0,0,5
U022,55,6,32,33.55,1,0,0,4
U022,56,11,25,72.29,2,0,1,8
U022,57,10,21,22.07,1,0,0,9
U022,58,8,21,0.0,0,0,1,3
U022,59,9,26,47.92,1,0,0,10
U022,60,6,19,16.39,1,0,0,9
U023,1,8,27,2.87,1,0,0,11
U023,2,9,29,39.45,1,0,0,9
U023,3,10,26,45.14,1,0,0,13
U023,4,11,33,46.36,0,0,0,9
U023,5,10,35,15.25,1,0,0,8
U023,6,12,24,0.0,0,0,0,7
U023,7,9,24,6.78,0,0,0,12
U023,8,7,29,21.0,0,0,1,13
U023,9,11,29,0.0,1,0,0,4
U023,10,10,27,16.83,1,0,0,12
U023,11,8,18,49.16,0,0,0,3
U023,12,11,28,42.25,4,0,0,7
U023,13,9,34,52.96,1,1,0,10
U023,14,9,24,5.9,1,0,0,6
U023,15,9,24,0.0,2,0,0,9
U023,16,8,34,0.0,1,0,1,11
U023,17,9,16,0.0,0,0,0,9
U023,18,12,18,3.3,0,0,0,14
U023,19,8,32,5.17,2,0,0,8
U023,20,7,35,38.27,0,0,0,6
U023,21,9,22,0.0,1,0,0,5
U023,22,8,33,7.13,0,0,0,3
U023,23,10,22,33.83,0,0,0,11
U023,24,10,29,23.7,1,0,0,11
U023,25,9,19,0.0,0,1,0,11
U023,26,9,23,26.41,2,0,0,6
U023,27,12,30,45.18,2,0,0,12
U023,28,13,22,49.79,0,0,0,8
U023,29,8,25,0.0,3,0,0,4
U023,30,9,25,25.59,1,0,0,4
U023,31,11,26,3.87,2,0,0,14
U023,32,11,26,57.52,2,0,0,8
U023,33,10,23,18.31,0,1,0,9
U023,34,10,31,38.23,2,0,0,8
U023,35,10,22,52.23,1,0,0,7
U023,36,9,29,58.32,3,0,0,13
U023,37,11,30,70.3,2,0,0,6
U023,38,9,29,3.24,1,0,0,6
U023,39,7,27,13.89,2,0,0,8
U023,40,9,37,48.54,2,0,0,11
U023,41,8,30,31.53,0,0,1,10
U023,42,10,25,42.37,1,0,0,6
U023,43,8,25,13.59,0,0,0,13
U023,44,9,24,10.71,0,0,0,12
U023,45,10,26,30.41,1,0,0,10
U023,46,9,32,28.58,1,0,0,5
U023,47,11,23,16.25,1,0,0,7
U023,48,10,33,21.6,0,0,0,11
U023,49,8,28,58.58,0,0,0,4
U023,50,10,26,50.48,0,0,0,5
U023,51,11,28,48.99,1,0,1,8
U023,52,11,21,58.56,2,0,0,3
U023,53,7,38,23.81,0,0,0,3
U023,54,10,33,37.6,1,0,0,7
U023,55,11,25,65.63,0,0,1,8
U023,56,9,23,52.22,1,0,0,5
U023,57,9,34,27.53,2,0,0,6
U023,58,11,28,0.0,3,0,0,6
U023,59,6,22,47.35,0,0,0,8
U023,60,10,35,10.5,0,0,0,9
U024,1,11,47,91.83,0,0,0,15
U024,2,10,38,56.25,1,0,0,8
U024,3,6,22,88.48,1,0,0,7
U024,4,9,27,43.92,1,0,0,11
U024,5,12,26,84.75,0,0,0,11
U024,6,9,31,125.07,0,0,0,7
U024,7,8,20,82.24,0,0,0,13
U024,8,9,30,65.29,0,0,0,5
U024,9,8,22,55.66,0,0,0,1
U024,10,9,21,58.59,0,0,0,6
U024,11,11,12,78.14,0,0,0,10
U024,12,9,28,59.03,0,0,0,16
U024,13,6,40,72.69,1,0,0,8
U024,14,13,14,25.52,0,0,0,11
U024,15,11,16,93.66,0,0,0,7
U024,16,6,37,82.66,0,0,1,5
U024,17,8,0,51.38,0,0,0,10
U024,18,9,14,66.01,0,0,0,13
U024,19,11,13,64.47,2,0,0,5
U024,20,11,34,72.76,1,0,0,13
U024,21,12,51,104.31,0,0,0,7
U024,22,9,24,44.75,1,0,1,10
U024,23,7,12,83.6,1,0,0,13
U024,24,6,21,86.97,0,0,0,11
U024,25,6,13,67.47,0,0,0,10
U024,26,7,29,82.03,0,0,0,8
U024,27,9,32,82.64,0,0,0,9
U024,28,7,40,96.28,0,0,0,6
U024,29,10,27,74.41,0,0,0,6
U024,30,10,16,64.88,0,0,0,10
U024,31,8,31,35.91,0,0,0,12
U024,32,8,31,81.89,1,0,0,6
U024,33,6,29,82.27,0,0,0,11
U024,34,11,14,71.2,0,0,0,7
U024,35,11,23,64.75,0,0,0,7
U024,36,10,45,60.51,0,0,0,11
U024,37,6,25,60.35,2,0,0,13
U024,38,9,32,71.23,0,0,0,9
U024,39,6,29,72.76,0,0,1,13
U024,40,11,31,72.44,1,0,1,6
U024,41,9,16,91.33,0,0,0,10
U024,42,6,31,67.36,0,0,0,10
U024,43,10,38,64.58,0,1,0,9
U024,44,11,24,53.56,0,0,0,11
U024,45,6,22,81.02,2,0,0,7
U024,46,8,21,71.83,0,0,0,6
U024,47,7,16,40.19,0,0,0,12
U024,48,8,32,69.96,0,0,0,8
U024,49,10,21,53.66,0,0,0,10
U024,50,12,30,77.87,0,0,0,10
U024,51,9,27,75.98,0,0,0,9
U024,52,12,28,38.32,2,0,0,2
U024,53,7,44,69.08,0,1,0,8
U024,54,8,22,56.52,0,0,0,9
U024,55,12,36,58.82,0,0,1,8
U024,56,8,25,108.35,0,0,0,11
U024,57,8,21,95.5,0,0,0,13
U024,58,10,37,49.93,1,0,0,11
U024,59,11,36,70.95,0,0,0,7
U024,60,6,38,69.09,0,0,0,7
U025,1,9,25,28.84,0,0,0,11
U025,2,9,24,47.8,0,0,0,12
U025,3,11,6,1.55,0,0,0,11
U025,4,9,34,60.53,1,0,0,10
U025,5,10,21,25.79,0,0,0,10
U025,6,10,27,16.12,0,0,0,8
U025,7,9,37,81.33,0,0,1,11
U025,8,8,35,66.14,2,0,0,12
U025,9,8,19,52.7,0,0,0,10
U025,10,6,20,58.36,0,0,1,8
U025,11,11,31,24.7,0,0,0,15
U025,12,8,20,26.96,0,0,0,10
U025,13,10,30,59.54,1,0,0,8
U025,14,10,23,16.05,0,0,0,11
U025,15,9,37,54.2,0,0,2,12
U025,16,7,22,59.51,0,0,0,12
U025,17,9,35,19.45,0,0,0,9
U025,18,9,21,34.71,0,0,2,10
U025,19,9,33,17.41,0,0,0,8
U025,20,9,9,51.6,1,0,0,6
U025,21,8,45,32.73,1,0,0,9
U025,22,10,27,61.68,0,0,0,9
U025,23,7,38,72.16,0,0,1,11
U025,24,11,16,13.77,0,0,0,11
U025,25,9,36,56.07,0,0,0,11
U025,26,9,26,9.14,0,0,1,8
U025,27,12,21,81.18,0,0,0,5
U025,28,10,27,23.39,0,0,0,7
U025,29,7,29,43.51,2,0,0,9
U025,30,9,13,48.08,1,0,0,7
U025,31,9,21,33.69,0,0,0,8
U025,32,10,12,36.55,0,0,1,12
U025,33,7,22,0.95,1,0,0,9
U025,34,7,24,63.19,0,0,0,9
U025,35,10,33,6.43,0,0,0,9
U025,36,10,2,25.51,0,0,0,13
U025,37,10,26,25.5,1,0,0,9
U025,38,10,39,55.61,1,0,0,8
U025,39,7,14,46.0,0,0,0,15
U025,40,9,15,73.98,1,0,1,14
U025,41,6,23,27.53,0,0,0,10
U025,42,10,22,0.0,0,0,0,7
U025,43,9,35,43.89,0,0,0,13
U025,44,8,24,28.44,0,0,0,8
U025,45,8,30,47.16,0,0,0,5
U025,46,11,21,6.15,0,0,2,12
U025,47,8,11,58.14,0,0,1,13
U025,48,9,24,22.09,0,0,1,11
U025,49,9,21,22.25,0,0,1,10
U025,50,9,31,46.7,0,0,0,7
U025,51,9,26,43.79,0,0,0,13
U025,52,10,39,28.13,0,0,0,9
U025,53,8,22,43.01,0,0,0,9
U025,54,9,33,50.55,1,0,0,10
U025,55,9,12,40.98,1,0,1,11
U025,56,9,19,27.66,1,0,0,12
U025,57,9,25,77.66,0,0,0,13
U025,58,10,21,44.82,1,0,1,7
U025,59,8,19,84.08,0,1,0,9
U025,60,7,20,16.59,0,0,1,9
U026,1,8,36,28.77,0,0,0,10
U026,2,10,47,63.48,3,0,0,10
U026,3,7,39,82.34,1,0,0,8
U026,4,8,39,52.58,0,1,0,9
U026,5,11,42,60.75,0,0,0,9
U026,6,7,37,56.41,2,0,0,9
U026,7,7,44,31.67,0,0,0,9
U026,8,13,44,36.73,0,0,0,10
U026,9,9,30,56.22,1,0,0,13
U026,10,10,33,43.82,0,0,0,12
U026,11,8,30,44.31,2,0,1,11
U026,12,7,37,77.87,2,0,0,13
U026,13,6,35,51.27,1,0,0,10
U026,14,9,43,47.91,2,0,0,10
U026,15,8,35,68.6,2,0,0,8
U026,16,8,44,43.69,1,0,0,8
U026,17,8,35,58.86,0,0,1,10
U026,18,8,37,58.37,1,0,0,9
U026,19,9,31,78.88,1,0,0,10
U026,20,7,33,47.0,0,0,0,9
U026,21,10,31,60.88,3,1,0,12
U026,22,8,32,56.91,1,0,0,8
U026,23,7,49,57.67,0,0,0,11
U026,24,9,39,47.4,0,0,0,11
U026,25,9,32,37.7,0,0,0,12
U026,26,11,39,75.43,1,0,0,12
U026,27,6,39,30.1,1,0,0,10
U026,28,8,29,53.81,1,0,0,11
U026,29,12,34,51.06,0,0,1,9
U026,30,9,26,47.4,1,0,0,12
U026,31,6,31,68.45,1,0,0,8
U026,32,8,30,65.96,0,0,0,10
U026,33,8,43,40.38,1,0,0,8
U026,34,6,41,56.79,1,0,0,11
U026,35,8,37,87.35,2,0,0,8
U026,36,8,39,59.06,1,0,0,9
U026,37,6,41,33.72,0,0,0,11
U026,38,9,30,41.52,0,0,0,10
U026,39,8,24,37.98,1,0,0,8
U026,40,7,38,60.03,1,0,0,9
U026,41,10,34,37.77,0,0,0,8
U026,42,6,41,49.6,2,0,0,11
U026,43,11,34,54.07,0,0,0,11
U026,44,11,40,59.94,1,0,0,9
U026,45,10,37,71.63,1,0,0,9
U026,46,8,42,32.65,1,0,0,10
U026,47,8,38,55.51,1,0,0,9
U026,48,9,37,51.46,1,0,0,10
U026,49,8,40,45.12,1,0,0,8
U026,50,8,34,35.97,1,0,0,11
U026,51,11,40,66.13,1,0,0,8
U026,52,6,54,49.23,0,0,0,10
U026,53,10,40,42.89,1,0,0,11
U026,54,6,29,45.35,0,0,0,7
U026,55,7,44,68.0,0,0,0,10
U026,56,10,49,68.78,0,0,0,10
U026,57,7,42,44.59,0,0,0,12
U026,58,7,39,69.71,1,0,0,8
U026,59,8,29,51.94,1,0,0,11
U026,60,9,38,36.95,0,0,0,11
U027,1,7,30,51.52,1,0,0,6
U027,2,8,30,89.3,0,0,0,9
U027,3,7,30,116.26,1,0,0,9
U027,4,7,39,90.88,0,0,0,9
U027,5,8,44,52.37,1,1,2,6
U027,6,10,45,106.05,1,0,0,11
U027,7,6,46,112.74,2,0,0,14
U027,8,8,50,86.49,1,1,0,14
U027,9,8,38,72.24,0,0,0,4
U027,10,9,30,91.07,2,0,0,14
U027,11,7,35,98.06,1,0,0,10
U027,12,8,37,100.89,1,0,0,9
U027,13,8,38,115.44,1,1,0,7
U027,14,8,32,77.66,0,0,0,7
U027,15,8,47,77.32,1,0,1,9
U027,16,6,36,89.59,0,0,0,10
U027,17,7,43,95.54,2,0,0,6
U027,18,7,34,71.59,3,0,0,6
U027,19,7,40,89.26,0,0,0,11
U027,20,7,34,79.83,0,0,0,11
U027,21,7,34,60.93,2,0,0,11
U027,22,8,36,95.98,0,0,0,13
U027,23,8,30,108.23,2,0,1,11
U027,24,10,40,77.7,0,0,0,6
U027,25,9,44,80.35,1,0,1,6
U027,26,8,40,96.38,2,0,0,10
U027,27,6,32,101.31,0,0,0,8
U027,28,6,41,95.34,2,0,0,4
U027,29,10,29,95.79,0,1,0,4
U027,30,6,36,129.22,3,0,0,5
U027,31,7,40,61.2,0,0,0,9
U027,32,7,48,73.84,0,0,1,9
U027,33,9,36,47.53,1,0,0,11
U027,34,8,41,118.11,1,0,0,10
U027,35,7,43,113.72,1,0,0,10
U027,36,10,31,96.57,1,0,0,11
U027,37,8,37,109.58,2,0,0,6
U027,38,8,42,112.89,0,0,0,13
U027,39,9,34,118.59,1,0,1,10
U027,40,7,41,115.71,1,0,0,9
U027,41,8,39,71.84,0,0,0,8
U027,42,6,39,103.43,1,0,0,12
U027,43,8,39,108.0,2,0,1,6
U027,44,7,36,83.69,3,0,0,7
U027,45,9,38,93.51,2,0,0,7
U027,46,9,38,68.35,1,0,1,9
U027,47,8,31,92.37,2,0,0,8
U027,48,8,40,100.23,0,0,1,7
U027,49,8,43,125.85,0,0,0,7
U027,50,10,37,93.01,1,0,2,11
U027,51,9,34,80.32,3,1,1,7
U027,52,7,42,73.54,1,0,0,7
U027,53,8,33,97.62,1,0,0,9
U027,54,7,29,74.85,0,0,0,9
U027,55,7,36,127.87,1,0,1,6
U027,56,7,44,97.3,1,0,2,10
U027,57,7,41,71.04,1,0,0,9
U027,58,9,47,89.94,1,0,0,7
U027,59,8,30,80.08,0,0,1,11
U027,60,8,37,118.66,1,0,0,11
U028,1,10,30,3.51,0,0,0,13
U028,2,8,28,26.94,0,0,0,14
U028,3,9,12,21.34,0,0,0,9
U028,4,10,32,7.41,1,0,0,11
U028,5,8,6,54.49,0,0,0,8
U028,6,10,41,44.74,1,0,0,5
U028,7,10,35,6.62,0,0,1,8
U028,8,10,18,39.15,0,0,0,10
U028,9,9,26,0.0,0,0,0,8
U028,10,10,18,13.44,1,0,0,12
U028,11,9,18,13.84,1,0,0,13
U028,12,9,41,19.91,1,0,0,6
U028,13,10,19,29.24,0,0,0,16
U028,14,10,29,8.75,1,0,0,18
U028,15,10,21,3.17,0,0,0,8
U028,16,11,23,19.61,0,0,0,10
U028,17,9,24,25.84,0,0,2,7
U028,18,9,8,28.8,2,0,0,7
U028,19,9,26,44.23,1,0,0,9
U028,20,9,17,18.31,1,0,0,14
U028,21,9,30,0.0,0,0,0,9
U028,22,9,19,46.81,1,0,0,9
U028,23,10,35,54.82,0,0,0,7
U028,24,10,17,33.41,0,0,0,12
U028,25,10,15,59.72,0,0,0,8
U028,26,9,17,50.61,0,0,0,5
U028,27,10,41,0.0,0,0,0,4
U028,28,9,14,21.83,3,0,0,11
U028,29,9,19,15.67,0,0,0,5
U028,30,8,21,6.94,0,0,0,8
U028,31,10,28,18.95,3,0,1,6
U028,32,10,30,22.88,2,0,0,16
U028,33,8,34,0.0,0,0,0,12
U028,34,10,34,0.0,0,0,0,5
U028,35,9,45,34.84,0,0,0,9
U028,36,9,19,11.36,0,0,0,9
U028,37,11,5,28.8,0,0,0,14
U028,38,10,37,21.22,1,0,0,12
U028,39,10,33,21.28,0,0,1,7
U028,40,10,16,56.66,0,0,0,6
U028,41,9,22,0.0,2,0,0,3
U028,42,9,12,18.75,0,0,0,10
U028,43,10,31,31.43,1,0,2,8
U028,44,9,33,36.12,2,0,0,9
U028,45,9,17,19.53,0,0,0,8
U028,46,9,29,35.37,1,0,0,8
U028,47,9,38,14.42,0,0,0,15
U028,48,9,24,38.93,0,0,0,9
U028,49,9,21,0.0,0,0,1,8
U028,50,9,27,0.0,0,0,0,9
U028,51,10,0,48.86,0,0,0,9
U028,52,9,32,38.01,0,0,0,3
U028,53,10,4,44.81,1,0,0,17
U028,54,10,28,9.56,0,0,0,3
U028,55,9,17,16.74,0,0,1,14
U028,56,8,21,21.18,1,0,0,12
U028,57,9,27,13.31,0,0,0,7
U028,58,10,20,26.73,0,0,1,4
U028,59,9,50,13.7,0,0,1,8
U028,60,9,45,5.37,1,0,0,15
U029,1,9,30,20.73,2,0,1,3
U029,2,9,26,47.33,1,0,0,0
U029,3,7,36,41.06,0,0,0,10
U029,4,9,45,50.56,2,0,0,7
U029,5,8,25,45.24,1,0,0,8
U029,6,9,19,46.49,2,0,0,6
U029,7,7,42,14.7,1,0,0,7
U029,8,6,47,44.02,0,0,0,6
U029,9,7,45,30.65,0,0,0,9
U029,10,7,35,45.99,3,0,0,5
U029,11,8,23,15.17,1,0,0,8
U029,12,8,16,60.96,3,0,0,10
U029,13,6,27,28.0,0,0,0,5
U029,14,6,30,22.39,1,0,0,4
U029,15,8,27,33.06,1,0,2,9
U029,16,8,19,24.77,0,0,0,7
U029,17,8,26,46.82,1,0,0,7
U029,18,10,9,19.79,1,0,0,5
U029,19,8,47,49.78,0,0,1,8
U029,20,8,27,21.79,3,0,0,1
U029,21,9,0,36.52,1,1,0,8
U029,22,6,53,39.59,1,0,1,9
U029,23,9,13,15.28,2,0,0,8
U029,24,9,22,31.05,1,0,0,5
U029,25,8,0,36.44,1,0,0,3
U029,26,8,25,14.89,1,0,0,4
U029,27,9,46,26.77,1,0,0,10
U029,28,7,49,49.58,0,0,0,5
U029,29,6,22,47.69,2,0,1,7
U029,30,9,25,41.97,0,0,0,9
U029,31,10,30,44.98,1,0,0,7
U029,32,9,39,31.07,1,0,0,6
U029,33,7,15,48.91,2,0,0,5
U029,34,8,34,34.43,1,0,1,3
U029,35,8,35,17.67,2,0,0,6
U029,36,6,31,29.44,0,0,0,6
U029,37,8,19,26.9,1,1,0,10
U029,38,8,11,38.35,1,0,0,10
U029,39,9,20,52.69,2,0,0,7
U029,40,6,30,28.75,0,0,0,8
U029,41,11,31,22.27,3,0,0,6
U029,42,9,22,10.51,0,0,0,6
U029,43,6,5,38.06,0,0,0,2
U029,44,9,37,8.9,1,0,1,10
U029,45,9,23,4.67,1,0,1,5
U029,46,7,24,30.66,1,0,0,5
U029,47,7,39,47.54,1,0,0,5
U029,48,9,34,31.31,0,0,0,8
U029,49,6,35,31.48,0,0,0,6
U029,50,7,31,22.31,1,0,0,5
U029,51,9,28,30.22,2,0,0,9
U029,52,8,23,30.65,0,0,0,6
U029,53,7,54,48.71,3,1,1,3
U029,54,7,43,44.36,1,0,0,6
U029,55,8,18,38.04,0,0,0,11
U029,56,9,29,28.78,2,0,0,7
U029,57,8,19,24.91,0,0,0,3
U029,58,7,27,16.22,3,0,0,7
U029,59,7,30,30.23,0,0,0,8
U029,60,9,18,0.0,0,0,0,5
U030,1,8,23,53.09,0,0,0,6
U030,2,10,5,47.49,1,0,0,4
U030,3,8,20,103.13,2,0,0,3
U030,4,11,4,107.46,2,0,0,4
U030,5,9,15,114.87,0,0,0,5
U030,6,9,15,65.43,0,0,0,5
U030,7,8,29,87.08,0,0,0,5
U030,8,9,28,139.96,4,0,0,3
U030,9,9,24,148.08,0,0,0,4
U030,10,8,2,31.98,1,0,0,6
U030,11,10,24,75.43,3,0,0,6
U030,12,9,3,109.96,1,1,0,4
U030,13,9,0,103.36,3,0,0,3
U030,14,8,12,126.18,2,0,0,4
U030,15,9,41,62.79,1,0,0,4
U030,16,8,24,125.78,0,0,0,4
U030,17,8,7,86.31,2,0,0,3
U030,18,9,22,72.44,1,0,0,4
U030,19,8,20,97.07,1,0,0,5
U030,20,9,15,117.21,0,1,0,4
U030,21,9,13,112.92,2,0,0,5
U030,22,10,31,103.52,1,0,0,6
U030,23,9,9,93.5,0,0,0,4
U030,24,8,33,31.51,1,0,2,4
U030,25,9,28,139.25,1,0,0,5
U030,26,9,28,68.83,2,0,0,6
U030,27,7,35,96.35,0,0,0,5
U030,28,9,13,74.98,0,0,0,5
U030,29,9,34,114.62,0,0,0,5
U030,30,11,27,78.86,2,0,0,4
U030,31,10,21,76.09,1,0,0,4
U030,32,8,31,58.87,1,1,0,5
U030,33,9,22,130.94,1,0,0,4
U030,34,9,17,93.76,1,0,0,4
U030,35,8,39,99.5,2,0,0,4
U030,36,9,19,66.21,0,0,1,5
U030,37,8,28,47.84,2,0,0,3
U030,38,7,24,86.9,2,0,0,5
U030,39,8,9,124.41,1,0,0,3
U030,40,10,28,88.73,1,0,0,3
U030,41,8,26,105.25,1,0,0,4
U030,42,8,27,102.66,1,0,0,4
U030,43,9,9,71.25,1,0,0,7
U030,44,6,12,57.91,3,0,0,5
U030,45,10,19,64.62,2,0,0,5
U030,46,9,30,103.31,2,0,0,5
U030,47,9,32,97.06,0,0,0,3
U030,48,7,25,134.41,1,0,0,5
U030,49,8,14,96.28,0,0,0,7
U030,50,10,16,87.22,0,0,1,4
U030,51,9,18,120.7,2,0,0,5
U030,52,8,12,104.58,1,0,0,5
U030,53,8,15,155.31,0,0,0,3
U030,54,9,31,103.98,1,0,0,4
U030,55,9,14,108.2,0,0,0,4
U030,56,7,36,91.45,2,0,0,4
U030,57,7,27,47.04,0,0,0,4
U030,58,9,28,113.26,0,0,0,4
U030,59,6,22,92.56,2,0,0,3
U030,60,8,16,66.95,1,0,0,7
U031,1,7,27,88.84,0,0,0,6
U031,2,7,21,83.76,0,0,0,9
U031,3,7,18,58.98,0,0,0,11
U031,4,7,29,100.32,1,0,0,8
U031,5,9,26,57.23,1,0,0,6
U031,6,6,9,93.03,1,0,0,10
U031,7,8,25,46.79,2,0,0,3
U031,8,8,19,74.3,0,0,0,13
U031,9,8,26,70.5,0,0,1,8
U031,10,7,29,87.74,0,0,0,9
U031,11,7,15,125.35,1,0,0,7
U031,12,7,24,126.58,0,0,1,12
U031,13,8,9,74.32,1,1,0,11
U031,14,8,29,72.89,1,0,0,8
U031,15,7,23,86.73,1,0,0,5
U031,16,6,22,74.98,0,0,0,7
U031,17,7,22,117.5,0,0,0,15
U031,18,7,33,63.58,0,0,0,13
U031,19,9,21,42.97,1,0,1,8
U031,20,6,23,106.77,0,0,0,7
U031,21,8,24,71.48,1,0,0,14
U031,22,9,21,53.84,1,0,0,5
U031,23,7,20,94.7,0,0,0,5
U031,24,9,35,34.74,0,0,0,10
U031,25,8,24,73.04,3,0,0,9
U031,26,7,11,56.78,0,0,0,14
U031,27,6,21,69.68,0,0,1,10
U031,28,7,14,96.61,0,0,0,5
U031,29,8,20,73.22,0,1,0,10
U031,30,7,34,115.76,2,0,0,12
U031,31,8,34,75.24,0,0,0,8
U031,32,8,20,69.03,0,0,0,5
U031,33,7,30,102.1,0,0,0,10
U031,34,9,28,65.89,0,0,0,10
U031,35,7,15,77.64,0,0,0,12
U031,36,8,24,93.91,0,0,2,5
U031,37,7,22,95.84,0,0,0,15
U031,38,6,23,98.1,0,0,0,7
U031,39,8,23,81.69,1,0,0,8
U031,40,9,15,75.55,0,0,0,8
U031,41,7,21,62.7,1,0,1,7
U031,42,7,32,96.49,1,0,2,5
U031,43,7,22,69.9,0,1,0,11
U031,44,7,22,49.53,0,0,0,8
U031,45,8,10,69.17,0,0,0,8
U031,46,9,22,45.34,0,0,0,6
U031,47,10,13,84.19,1,0,0,7
U031,48,6,34,57.69,0,0,1,17
U031,49,8,29,104.53,0,0,0,10
U031,50,8,15,92.97,0,0,0,15
U031,51,18,171,413.65,3,1,0,26
U031,52,0,130,379.32,4,1,1,45
U031,53,21,137,476.74,4,1,1,60
U031,54,21,170,460.68,4,0,4,34
U031,55,18,127,369.1,3,1,1,46
U031,56,23,133,479.18,5,1,4,49
U031,57,22,95,348.57,2,1,3,32
U031,58,21,132,373.19,1,1,2,28
U031,59,20,86,414.24,1,1,0,38
U031,60,22,161,378.07,4,1,0,56
U032,1,9,7,104.36,0,0,1,1
U032,2,8,18,50.24,2,0,0,5
U032,3,8,23,72.16,4,0,0,5
U032,4,9,17,81.39,2,0,2,5
U032,5,8,25,51.26,3,0,0,6
U032,6,6,15,54.38,1,0,0,4
U032,7,8,31,72.4,0,0,0,1
U032,8,8,25,85.2,1,0,1,2
U032,9,9,39,42.98,0,0,0,5
U032,10,11,13,65.38,1,0,0,4
U032,11,8,38,48.76,2,0,0,4
U032,12,7,34,92.72,2,0,0,3
U032,13,8,17,47.62,1,0,0,4
U032,14,8,35,77.31,4,0,0,2
U032,15,9,18,61.29,1,0,1,5
U032,16,7,39,46.88,1,0,0,6
U032,17,8,18,49.88,1,0,0,1
U032,18,8,17,23.02,2,0,0,4
U032,19,8,25,74.52,0,0,0,4
U032,20,9,28,68.13,1,0,0,4
U032,21,10,30,74.19,1,1,0,0
U032,22,9,28,39.39,2,0,0,5
U032,23,8,32,68.44,1,0,0,3
U032,24,9,17,60.86,1,0,0,6
U032,25,8,11,79.82,0,0,0,4
U032,26,10,23,49.81,0,0,0,6
U032,27,7,26,60.57,1,0,0,0
U032,28,9,28,63.81,1,0,1,6
U032,29,9,9,64.27,1,0,0,5
U032,30,6,35,70.67,2,0,0,4
U032,31,7,15,72.13,1,0,0,6
U032,32,11,11,86.02,2,0,0,2
U032,33,10,32,86.18,1,0,0,5
U032,34,9,14,73.48,2,0,1,4
U032,35,10,30,82.08,0,0,0,2
U032,36,7,29,68.59,0,0,0,2
U032,37,10,5,55.49,2,0,0,1
U032,38,7,6,33.33,2,1,0,5
U032,39,11,11,69.33,3,0,0,4
U032,40,8,12,58.69,1,0,0,3
U032,41,9,19,86.9,1,0,0,2
U032,42,10,6,49.76,0,0,0,3
U032,43,8,44,71.34,1,0,0,5
U032,44,9,27,104.59,1,0,0,6
U032,45,10,35,54.37,1,0,0,3
U032,46,11,8,95.06,1,0,0,3
U032,47,7,22,62.99,0,0,1,2
U032,48,9,43,76.79,0,0,0,5
U032,49,10,23,70.0,1,0,0,5
U032,50,7,17,73.78,0,0,0,4
U032,51,11,23,102.08,2,0,1,4
U032,52,7,8,78.25,1,0,0,5
U032,53,9,12,89.49,1,0,0,5
U032,54,11,33,33.93,1,0,0,4
U032,55,6,30,60.13,0,0,0,2
U032,56,8,34,68.5,1,0,0,5
U032,57,6,27,74.32,1,0,0,2
U032,58,10,23,65.54,2,0,0,3
U032,59,9,34,76.35,3,0,0,4
U032,60,8,20,115.28,0,0,0,4
U033,1,8,31,30.93,0,0,0,9
U033,2,9,32,37.98,0,0,0,0
U033,3,7,45,11.14,0,0,1,10
U033,4,7,20,34.07,0,0,0,0
U033,5,10,21,32.59,1,0,0,4
U033,6,8,30,29.84,1,1,2,2
U033,7,11,26,26.43,1,0,1,0
U033,8,8,18,7.94,0,0,0,4
U033,9,10,33,29.02,0,1,0,11
U033,10,10,31,27.29,0,0,0,9
U033,11,10,28,28.64,1,0,1,1
U033,12,9,39,26.02,1,0,0,1
U033,13,9,36,19.66,1,0,0,6
U033,14,8,33,10.51,1,0,1,6
U033,15,11,35,4.69,1,0,0,9
U033,16,7,13,19.34,0,0,0,5
U033,17,11,13,21.74,2,0,0,6
U033,18,9,36,36.44,1,0,1,8
U033,19,9,23,33.65,0,0,0,7
U033,20,8,26,41.29,0,0,0,6
U033,21,9,18,28.93,0,0,0,3
U033,22,8,28,39.65,1,0,0,7
U033,23,8,28,30.31,1,0,0,7
U033,24,10,37,15.98,1,1,0,1
U033,25,9,28,22.71,0,0,0,0
U033,26,11,15,21.13,0,0,0,9
U033,27,9,38,19.28,0,0,0,7
U033,28,11,28,33.19,0,0,1,11
U033,29,8,21,32.39,0,0,0,14
U033,30,8,29,33.27,1,0,0,5
U033,31,6,21,21.43,1,1,1,5
U033,32,9,22,6.77,2,0,0,4
U033,33,9,21,21.65,1,0,0,12
U033,34,7,36,25.45,0,0,1,1
U033,35,8,7,25.3,1,0,0,5
U033,36,9,26,29.69,2,0,0,4
U033,37,8,23,41.7,1,0,1,8
U033,38,7,29,25.37,0,0,0,12
U033,39,7,34,39.13,0,0,1,8
U033,40,10,24,53.84,0,0,0,1
U033,41,12,32,19.48,1,0,1,7
U033,42,6,18,28.99,1,0,0,7
U033,43,8,22,30.14,1,0,0,4
U033,44,8,27,20.41,1,0,0,10
U033,45,9,9,6.76,1,0,1,4
U033,46,9,51,11.7,1,0,0,6
U033,47,10,29,15.53,0,0,0,6
U033,48,9,23,26.62,1,0,0,3
U033,49,10,17,30.0,0,0,0,10
U033,50,8,36,49.37,0,0,0,9
U033,51,8,18,30.93,0,0,0,7
U033,52,9,35,34.16,0,0,1,8
U033,53,9,28,35.29,1,0,0,4
U033,54,8,27,30.2,0,0,0,7
U033,55,10,36,29.7,1,0,0,7
U033,56,10,26,15.55,0,0,0,12
U033,57,7,21,13.92,1,0,0,6
U033,58,8,19,40.63,1,0,0,5
U033,59,9,33,37.23,1,0,1,8
U033,60,10,31,39.81,0,0,0,9
U034,1,6,35,17.45,2,0,0,11
U034,2,10,20,67.55,2,0,1,12
U034,3,9,21,19.7,1,0,0,12
U034,4,10,33,0.0,0,0,0,10
U034,5,9,28,10.34,1,0,0,12
U034,6,10,26,38.02,1,0,0,10
U034,7,9,30,83.66,1,0,0,13
U034,8,9,35,15.78,1,0,0,10
U034,9,10,39,28.17,1,0,0,10
U034,10,11,34,10.66,1,0,0,10
U034,11,10,37,4.18,1,0,1,11
U034,12,7,35,36.05,1,1,0,8
U034,13,10,24,0.0,1,0,0,9
U034,14,10,37,74.05,1,0,0,9
U034,15,10,20,14.58,1,0,0,8
U034,16,8,27,47.27,2,0,0,7
U034,17,8,23,70.47,1,0,0,10
U034,18,10,26,0.0,2,0,0,12
U034,19,12,40,39.81,1,0,0,10
U034,20,9,33,52.45,1,0,0,8
U034,21,12,33,103.11,2,0,0,10
U034,22,10,29,41.34,0,0,0,12
U034,23,10,42,60.1,2,0,0,11
U034,24,9,45,61.72,0,0,0,12
U034,25,8,35,16.3,0,0,0,8
U034,26,11,45,35.83,0,0,1,10
U034,27,9,28,3.65,2,0,0,11
U034,28,11,38,35.3,1,0,0,8
U034,29,11,31,56.32,2,0,0,9
U034,30,10,32,76.7,0,0,0,9
U034,31,10,37,1.85,1,0,0,11
U034,32,9,24,22.03,0,0,0,9
U034,33,10,16,53.8,0,0,1,10
U034,34,10,31,0.0,1,0,1,10
U034,35,10,34,23.71,0,0,0,9
U034,36,9,20,9.77,1,0,1,10
U034,37,9,28,23.82,1,0,0,9
U034,38,8,45,69.62,1,0,0,9
U034,39,10,30,12.58,1,0,0,11
U034,40,9,20,67.7,2,0,0,10
U034,41,10,20,102.28,1,0,0,10
U034,42,10,31,40.2,1,0,0,9
U034,43,10,30,27.26,0,0,0,9
U034,44,10,33,109.25,1,0,0,9
U034,45,10,23,48.86,2,0,0,10
U034,46,9,16,43.41,2,0,1,8
U034,47,11,37,67.05,1,0,0,10
U034,48,11,27,30.99,1,0,0,10
U034,49,10,35,61.77,0,0,0,12
U034,50,10,34,53.47,2,0,0,11
U034,51,9,25,35.39,1,0,0,12
U034,52,8,26,56.16,1,0,0,12
U034,53,9,37,47.36,1,0,0,9
U034,54,10,36,67.48,0,0,0,9
U034,55,9,31,0.0,1,0,0,9
U034,56,9,41,11.52,1,0,1,12
U034,57,10,29,0.0,1,0,0,8
U034,58,10,36,0.0,1,0,0,10
U034,59,11,32,40.19,1,0,1,8
U034,60,10,29,6.63,1,0,0,9
U035,1,7,28,23.36,1,0,1,9
U035,2,8,18,54.35,1,1,0,13
U035,3,7,30,60.89,1,0,0,11
U035,4,8,12,39.21,0,0,1,9
U035,5,8,34,8.26,0,0,0,9
U035,6,8,22,29.21,1,0,0,7
U035,7,7,20,14.79,3,0,0,10
U035,8,8,22,26.06,0,0,0,10
U035,9,6,21,41.14,1,0,0,8
U035,10,8,28,19.08,1,0,0,7
U035,11,6,30,67.98,1,0,0,7
U035,12,6,18,16.64,1,0,0,8
U035,13,7,24,52.33,0,0,0,6
U035,14,7,21,39.18,0,0,0,10
U035,15,7,36,0.0,1,1,0,8
U035,16,10,24,41.39,0,0,1,9
U035,17,10,21,26.36,1,1,0,6
U035,18,7,24,0.0,0,0,0,9
U035,19,10,21,68.59,1,0,1,6
U035,20,6,21,22.67,0,0,0,9
U035,21,8,24,38.17,0,0,0,5
U035,22,7,32,12.11,1,0,0,9
U035,23,6,33,13.89,1,0,0,6
U035,24,8,25,0.0,0,0,0,7
U035,25,9,31,19.78,1,0,0,5
U035,26,6,46,61.69,1,0,1,9
U035,27,6,23,18.84,1,0,0,7
U035,28,9,20,0.0,0,0,0,8
U035,29,9,22,68.45,0,0,0,7
U035,30,10,28,9.83,1,0,0,10
U035,31,8,20,0.0,0,0,0,8
U035,32,7,24,20.35,1,0,0,9
U035,33,9,29,19.97,1,0,0,7
U035,34,8,33,0.0,2,0,0,10
U035,35,9,25,26.05,1,0,0,10
U035,36,9,37,34.85,2,0,0,8
U035,37,9,43,0.0,1,0,0,6
U035,38,9,21,8.04,1,0,0,8
U035,39,8,26,0.0,1,0,0,6
U035,40,6,11,11.99,2,0,0,8
U035,41,6,29,52.41,1,0,0,7
U035,42,8,21,0.0,2,0,0,6
U035,43,9,24,24.47,2,0,0,7
U035,44,9,36,33.91,1,0,0,10
U035,45,7,32,35.24,1,0,0,7
U035,46,6,33,25.27,2,0,0,9
U035,47,6,26,38.11,1,0,0,8
U035,48,8,43,54.3,0,0,1,9
U035,49,9,35,35.87,2,0,0,11
U035,50,8,35,30.72,2,0,0,7
U035,51,9,30,0.0,1,0,0,5
U035,52,10,31,36.41,1,0,0,6
U035,53,8,36,12.03,1,0,0,7
U035,54,8,29,19.71,1,0,0,10
U035,55,6,29,37.51,1,0,1,4
U035,56,6,29,21.3,1,0,0,7
U035,57,6,25,5.74,0,0,0,8
U035,58,7,20,28.53,2,0,1,8
U035,59,6,38,35.38,4,0,0,6
U035,60,6,25,26.57,1,0,0,3
U036,1,9,32,74.25,1,0,0,9
U036,2,9,24,63.57,1,0,0,10
U036,3,9,37,70.82,1,0,0,8
U036,4,11,22,99.22,2,0,0,10
U036,5,10,28,56.3,1,0,1,9
U036,6,9,33,104.52,1,0,0,7
U036,7,9,26,103.48,0,0,0,7
U036,8,11,32,92.02,1,0,0,10
U036,9,9,26,107.04,1,0,0,9
U036,10,12,35,96.37,0,0,0,7
U036,11,11,19,83.59,0,0,0,9
U036,12,10,35,68.06,1,0,0,8
U036,13,10,24,64.84,0,0,0,8
U036,14,9,29,74.43,1,0,0,8
U036,15,9,26,72.05,2,0,0,11
U036,16,11,22,66.09,1,0,1,7
U036,17,10,39,64.36,1,0,0,9
U036,18,11,34,98.03,0,0,0,10
U036,19,9,27,98.55,1,0,2,9
U036,20,9,36,68.03,2,0,0,6
U036,21,10,41,71.66,2,0,0,8
U036,22,12,29,48.49,1,0,0,8
U036,23,9,23,96.36,0,0,0,9
U036,24,8,32,84.38,2,0,0,8
U036,25,7,18,70.79,1,0,0,7
U036,26,10,35,98.84,2,0,1,9
U036,27,10,26,82.09,0,0,0,8
U036,28,8,41,74.0,0,0,0,8
U036,29,11,25,101.55,1,0,0,10
U036,30,11,37,70.79,0,0,0,9
U036,31,11,23,73.88,2,0,0,9
U036,32,8,28,51.84,1,0,0,10
U036,33,10,41,79.86,0,0,1,9
U036,34,11,15,87.91,3,0,2,9
U036,35,10,36,80.51,0,0,0,9
U036,36,9,17,51.06,1,0,1,10
U036,37,11,14,104.18,1,0,1,8
U036,38,9,33,68.36,0,0,0,7
U036,39,12,35,69.88,1,0,0,8
U036,40,10,26,62.75,1,0,0,9
U036,41,9,21,81.05,2,0,0,7
U036,42,10,37,52.14,1,0,0,9
U036,43,10,44,56.8,1,0,0,8
U036,44,12,30,95.91,3,0,0,9
U036,45,10,22,102.56,1,0,0,8
U036,46,12,49,76.27,1,0,2,8
U036,47,11,21,56.0,1,0,0,8
U036,48,10,28,89.71,0,0,0,8
U036,49,9,30,75.24,1,0,0,7
U036,50,11,20,119.68,1,0,0,9
U036,51,11,27,79.57,1,0,1,10
U036,52,11,36,65.19,1,0,1,9
U036,53,10,40,59.23,1,0,0,9
U036,54,10,21,72.51,0,0,0,11
U036,55,9,32,87.89,0,0,0,9
U036,56,9,34,71.41,1,0,0,8
U036,57,8,18,63.53,1,0,0,9
U036,58,9,32,80.12,2,0,0,9
U036,59,11,24,77.05,2,0,0,11
U036,60,11,41,68.84,3,0,0,6
U037,1,10,21,91.56,1,0,0,3
U037,2,8,44,81.0,2,0,0,6
U037,3,11,14,50.3,1,0,0,5
U037,4,7,9,83.56,2,0,0,8
U037,5,9,25,59.31,1,0,3,5
U037,6,9,21,69.25,1,0,1,6
U037,7,8,24,87.17,0,0,0,8
U037,8,8,23,42.47,1,0,0,4
U037,9,6,32,90.93,0,0,0,5
U037,10,11,14,93.73,0,0,0,3
U037,11,11,17,79.88,0,0,2,9
U037,12,9,2,85.46,1,0,0,6
U037,13,10,16,76.44,0,0,1,0
U037,14,7,14,48.06,0,0,0,6
U037,15,8,9,102.18,0,0,0,7
U037,16,10,15,83.62,0,0,1,8
U037,17,10,27,48.21,1,0,0,7
U037,18,10,24,54.29,0,0,1,5
U037,19,9,21,96.34,1,0,0,6
U037,20,12,26,75.47,2,0,0,6
U037,21,10,12,81.95,0,0,0,5
U037,22,9,15,70.43,0,0,0,4
U037,23,10,17,90.87,1,0,1,8
U037,24,9,29,84.65,1,0,0,4
U037,25,10,17,105.07,2,0,0,7
U037,26,9,6,95.09,0,0,0,4
U037,27,6,13,65.44,0,0,0,5
U037,28,10,11,73.27,0,0,0,3
U037,29,12,5,89.82,1,0,0,4
U037,30,8,0,123.04,0,0,0,5
U037,31,7,21,41.97,1,0,0,5
U037,32,9,15,83.33,1,0,0,6
U037,33,11,30,41.62,1,0,1,5
U037,34,9,13,95.03,1,1,0,4
U037,35,10,17,103.7,0,0,0,5
U037,36,12,12,72.48,2,0,1,4
U037,37,10,36,82.76,0,0,0,5
U037,38,10,16,94.98,0,0,0,5
U037,39,10,8,69.76,0,1,0,3
U037,40,7,49,50.17,1,0,0,5
U037,41,10,28,60.03,0,0,0,7
U037,42,8,9,94.12,2,0,0,8
U037,43,9,10,93.35,0,0,0,5
U037,44,11,13,56.12,0,0,0,4
U037,45,12,14,63.03,0,0,0,6
U037,46,8,16,60.27,0,0,0,5
U037,47,9,24,59.39,1,0,0,6
U037,48,9,27,72.05,0,0,0,6
U037,49,10,20,60.05,1,0,0,4
U037,50,8,4,49.56,0,1,2,3
U037,51,9,26,65.98,0,0,0,5
U037,52,7,16,72.26,0,0,0,3
U037,53,10,20,75.64,1,0,0,8
U037,54,9,26,85.41,0,0,0,7
U037,55,10,3,88.21,1,0,0,3
U037,56,6,30,48.01,0,1,1,5
U037,57,6,19,41.43,0,0,0,7
U037,58,9,4,71.92,0,0,1,6
U037,59,10,20,80.33,0,0,0,5
U037,60,11,3,89.25,0,0,1,2
U038,1,11,51,91.32,0,0,0,10
U038,2,10,41,87.34,0,0,0,11
U038,3,8,26,89.89,1,0,0,10
U038,4,10,30,86.79,2,0,1,10
U038,5,7,31,97.65,0,0,0,7
U038,6,8,41,96.73,0,0,0,12
U038,7,10,36,103.07,3,0,0,9
U038,8,7,34,109.24,3,0,0,10
U038,9,11,46,94.05,0,0,0,8
U038,10,7,37,84.79,1,0,0,10
U038,11,8,46,87.8,1,0,0,9
U038,12,7,34,116.48,3,0,1,11
U038,13,10,38,89.37,0,0,0,12
U038,14,11,29,90.9,4,0,0,9
U038,15,12,40,96.28,0,0,0,10
U038,16,11,32,87.49,1,0,1,11
U038,17,12,42,100.16,0,0,0,12
U038,18,10,37,121.66,0,0,1,10
U038,19,10,50,84.33,2,0,1,10
U038,20,8,21,96.75,0,0,2,10
U038,21,9,37,85.31,0,0,1,11
U038,22,10,39,93.65,1,0,0,11
U038,23,10,43,99.71,0,0,0,11
U038,24,13,41,106.0,2,0,1,10
U038,25,10,40,82.81,1,0,0,12
U038,26,8,43,106.19,1,0,1,9
U038,27,11,24,91.56,2,0,2,10
U038,28,6,35,103.39,2,0,0,10
U038,29,11,40,80.47,1,0,0,8
U038,30,11,40,86.27,0,0,0,10
U038,31,8,34,69.6,1,0,0,11
U038,32,11,35,104.48,0,0,0,11
U038,33,9,31,108.71,2,0,0,9
U038,34,6,11,90.35,0,0,1,13
U038,35,7,36,86.21,1,0,0,9
U038,36,8,25,109.32,1,0,0,8
U038,37,9,32,90.77,2,0,0,9
U038,38,9,40,91.02,1,0,0,12
U038,39,7,21,89.6,0,0,1,12
U038,40,10,19,84.55,0,0,1,8
U038,41,8,37,114.21,1,0,0,9
U038,42,10,34,75.88,4,0,0,11
U038,43,11,37,101.09,1,0,0,11
U038,44,11,42,77.41,2,0,1,12
U038,45,11,29,93.72,1,0,0,9
U038,46,8,34,98.22,1,0,1,8
U038,47,11,32,113.78,0,0,0,10
U038,48,8,29,90.26,0,0,0,10
U038,49,9,35,88.27,3,0,0,14
U038,50,8,39,85.53,0,0,0,11
U038,51,13,32,84.49,1,0,1,10
U038,52,11,41,90.67,0,0,0,10
U038,53,11,44,112.68,4,0,1,11
U038,54,11,49,93.07,1,0,0,10
U038,55,11,26,99.98,1,0,1,11
U038,56,8,27,106.02,1,0,0,12
U038,57,10,42,110.3,0,0,0,8
U038,58,8,25,94.33,1,0,1,12
U038,59,10,45,88.86,1,0,0,9
U038,60,13,36,105.03,2,0,1,10
U039,1,11,49,3.25,0,0,0,10
U039,2,11,49,0.0,1,0,0,12
U039,3,8,42,49.62,0,0,0,11
U039,4,11,31,15.25,0,1,0,10
U039,5,7,42,67.06,0,0,0,14
U039,6,6,30,37.6,1,0,0,10
U039,7,9,26,10.69,1,1,0,9
U039,8,9,18,29.94,1,0,0,3
U039,9,10,48,0.0,1,0,0,10
U039,10,14,34,60.49,1,0,0,14
U039,11,6,55,40.06,2,0,1,13
U039,12,9,28,30.09,0,0,0,11
U039,13,11,23,4.98,1,0,0,6
U039,14,8,49,36.04,1,0,0,17
U039,15,7,37,0.0,0,0,0,13
U039,16,7,33,37.75,0,0,0,13
U039,17,9,28,47.26,0,0,0,13
U039,18,13,31,52.41,1,1,0,7
U039,19,6,34,40.79,1,0,1,3
U039,20,9,51,47.86,1,0,0,10
U039,21,7,21,36.53,2,0,0,12
U039,22,9,21,2.47,2,0,0,9
U039,23,9,39,28.41,0,0,0,10
U039,24,7,17,0.0,2,1,0,11
U039,25,9,36,50.95,1,0,0,14
U039,26,11,45,25.27,1,0,0,8
U039,27,8,24,12.01,3,0,0,10
U039,28,9,21,40.97,2,0,0,10
U039,29,8,38,39.91,0,0,0,8
U039,30,7,27,0.0,1,0,0,8
U039,31,7,35,7.37,0,0,0,16
U039,32,9,31,23.9,1,0,0,13
U039,33,9,27,55.2,0,0,0,7
U039,34,10,24,17.96,0,0,0,14
U039,35,11,7,10.82,1,0,0,8
U039,36,9,41,5.65,4,0,0,11
U039,37,9,4,0.0,1,0,0,11
U039,38,9,30,51.81,1,0,0,5
U039,39,10,36,44.78,0,0,0,12
U039,40,10,33,62.46,1,0,0,10
U039,41,11,31,71.04,0,0,0,12
U039,42,8,14,45.57,0,0,0,7
U039,43,12,33,5.65,1,1,0,13
U039,44,7,20,38.43,3,0,0,12
U039,45,7,22,62.7,1,0,0,6
U039,46,9,31,40.08,1,0,0,8
U039,47,6,40,48.21,1,0,0,7
U039,48,8,44,33.27,2,1,0,5
U039,49,6,55,17.37,2,0,0,9
U039,50,11,40,0.0,1,0,0,8
U039,51,7,32,81.97,2,0,0,9
U039,52,11,30,75.52,1,0,0,7
U039,53,9,25,13.72,1,0,0,27
U039,54,12,21,0.0,1,0,0,17
U039,55,7,23,6.47,2,0,0,11
U039,56,10,34,31.24,1,0,0,15
U039,57,8,12,25.58,1,0,1,8
U039,58,7,39,19.74,0,0,0,11
U039,59,8,33,28.02,0,0,0,9
U039,60,8,40,83.31,1,0,1,10
U040,1,11,36,93.39,0,0,0,5
U040,2,8,43,97.32,3,0,0,4
U040,3,8,28,105.64,1,0,1,8
U040,4,8,33,66.12,2,0,1,7
U040,5,8,36,72.58,1,1,0,7
U040,6,12,49,63.14,2,0,0,14
U040,7,9,30,62.6,2,0,0,9
U040,8,11,53,72.73,0,0,0,7
U040,9,9,47,76.21,2,0,0,15
U040,10,10,46,91.18,1,0,0,13
U040,11,10,37,68.03,2,0,0,13
U040,12,8,26,91.12,0,0,0,14
U040,13,9,49,75.86,2,0,0,13
U040,14,9,38,84.22,1,0,0,11
U040,15,11,37,53.6,1,0,0,13
U040,16,10,49,66.58,1,0,0,6
U040,17,10,35,61.45,0,0,0,11
U040,18,9,21,90.76,2,0,1,11
U040,19,10,28,102.07,0,0,0,10
U040,20,9,38,108.18,1,0,0,12
U040,21,9,46,68.07,3,0,0,6
U040,22,10,46,82.82,1,0,0,18
U040,23,9,33,91.54,1,0,0,14
U040,24,9,49,72.98,2,1,0,13
U040,25,9,19,49.12,0,0,0,13
U040,26,8,23,93.93,2,0,0,4
U040,27,9,49,64.4,3,0,0,5
U040,28,10,44,79.09,2,0,0,6
U040,29,12,51,75.13,2,0,0,12
U040,30,8,23,60.19,2,0,1,11
U040,31,10,32,81.32,0,0,0,7
U040,32,11,44,90.59,1,0,0,9
U040,33,10,44,71.15,0,0,0,15
U040,34,12,37,92.95,3,0,0,7
U040,35,11,33,101.46,2,0,0,17
U040,36,9,12,88.31,1,0,0,13
U040,37,9,28,98.59,0,0,0,5
U040,38,10,25,83.8,1,0,0,10
U040,39,10,25,64.69,1,0,0,2
U040,40,9,31,81.78,0,0,0,13
U040,41,11,34,112.51,0,0,0,14
U040,42,11,36,63.45,2,0,0,5
U040,43,10,30,76.55,1,0,0,9
U040,44,9,36,36.69,2,0,0,7
U040,45,9,29,91.14,4,0,0,6
U040,46,8,28,50.96,2,0,0,9
U040,47,9,38,82.4,0,0,0,12
U040,48,9,23,73.3,1,1,0,10
U040,49,9,38,106.24,2,1,1,11
U040,50,9,64,83.85,1,0,0,7
U040,51,9,39,83.44,2,0,0,7
U040,52,8,49,58.66,2,0,0,6
U040,53,10,38,104.85,1,0,0,11
U040,54,9,43,63.14,1,0,0,7
U040,55,11,33,132.23,2,0,0,14
U040,56,9,11,74.94,3,0,0,12
U040,57,10,34,60.34,1,0,0,14
U040,58,8,34,62.95,1,0,0,0
U040,59,8,52,97.33,1,0,0,11
U040,60,9,38,62.17,0,0,0,5
U041,1,9,40,63.05,0,0,1,12
U041,2,6,21,95.75,0,0,0,8
U041,3,7,34,60.07,0,0,0,12
U041,4,9,16,79.28,0,0,0,7
U041,5,7,4,135.61,0,0,0,7
U041,6,9,16,50.36,2,0,1,10
U041,7,6,12,102.27,0,0,1,10
U041,8,10,0,88.38,0,0,0,11
U041,9,8,17,82.25,1,0,1,8
U041,10,6,31,86.27,2,0,0,10
U041,11,6,15,42.98,0,0,0,13
U041,12,8,34,68.9,0,0,1,8
U041,13,9,11,63.6,0,0,1,9
U041,14,7,19,115.82,0,0,1,9
U041,15,6,26,70.03,1,0,0,10
U041,16,10,17,100.8,0,0,0,12
U041,17,8,18,58.32,1,0,1,11
U041,18,9,41,104.13,0,0,0,10
U041,19,7,48,82.5,0,1,0,12
U041,20,8,12,51.74,0,0,1,9
U041,21,8,35,58.97,2,0,0,11
U041,22,8,22,68.76,0,0,0,11
U041,23,8,39,76.02,0,0,0,11
U041,24,7,23,91.78,0,0,0,5
U041,25,7,1,95.91,0,0,1,9
U041,26,8,35,100.03,0,0,0,13
U041,27,8,19,92.66,0,0,0,9
U041,28,8,41,81.9,1,0,0,11
U041,29,7,25,99.11,0,0,0,8
U041,30,7,25,118.53,1,0,0,10
U041,31,6,45,92.34,3,0,0,8
U041,32,11,21,106.44,0,0,1,11
U041,33,7,9,77.63,0,0,0,9
U041,34,10,35,81.15,0,0,0,8
U041,35,8,30,95.95,1,0,1,11
U041,36,7,11,95.87,0,0,0,12
U041,37,7,26,102.43,0,0,0,9
U041,38,7,28,83.63,1,0,1,13
U041,39,8,19,69.97,0,0,0,7
U041,40,8,20,79.55,1,0,0,10
U041,41,8,37,84.65,1,1,0,14
U041,42,7,16,91.71,0,0,0,9
U041,43,7,40,90.33,2,0,0,7
U041,44,8,10,107.63,0,0,0,9
U041,45,10,34,109.29,0,0,1,8
U041,46,10,1,101.8,0,0,0,7
U041,47,8,5,97.83,0,0,0,8
U041,48,8,28,111.57,2,1,0,8
U041,49,8,5,130.6,0,0,0,7
U041,50,7,32,64.25,0,0,0,4
U041,51,10,35,61.84,1,0,0,7
U041,52,9,7,84.45,1,0,0,8
U041,53,7,28,84.44,1,0,0,12
U041,54,7,5,126.62,1,1,0,9
U041,55,7,23,93.24,0,0,0,8
U041,56,7,24,110.32,0,0,0,9
U041,57,8,3,95.35,1,0,0,10
U041,58,8,12,122.12,1,0,1,8
U041,59,8,9,115.43,0,0,1,11
U041,60,8,24,106.65,0,0,0,12
U042,1,8,33,101.5,0,0,0,7
U042,2,8,41,97.79,0,0,1,14
U042,3,8,34,67.79,0,0,0,8
U042,4,8,28,96.51,0,0,1,6
U042,5,8,22,118.32,0,0,0,12
U042,6,8,36,97.03,1,0,0,10
U042,7,8,32,82.59,0,0,0,13
U042,8,9,39,81.19,1,0,1,12
U042,9,9,30,103.41,0,0,0,15
U042,10,8,47,100.15,1,0,0,10
U042,11,8,25,89.87,0,0,0,16
U042,12,8,32,103.55,0,0,0,9
U042,13,8,34,73.41,0,0,0,8
U042,14,9,34,91.54,1,0,0,15
U042,15,8,38,73.09,0,0,0,11
U042,16,8,32,73.82,0,0,0,13
U042,17,9,37,104.67,1,0,0,10
U042,18,8,28,104.68,0,0,0,9
U042,19,7,26,118.78,1,0,0,11
U042,20,8,36,99.58,1,0,0,16
U042,21,9,39,85.67,1,0,0,9
U042,22,8,26,104.33,1,0,1,11
U042,23,8,30,96.24,1,0,0,19
U042,24,8,31,104.32,0,0,0,7
U042,25,9,38,73.42,1,0,0,12
U042,26,8,32,85.91,0,0,0,17
U042,27,7,27,89.62,0,0,0,4
U042,28,7,41,116.61,0,0,0,12
U042,29,7,39,108.84,1,0,0,16
U042,30,8,30,60.09,1,1,0,15
U042,31,9,30,101.38,0,0,0,12
U042,32,9,40,125.01,0,0,0,12
U042,33,8,36,108.23,0,0,0,10
U042,34,8,29,85.77,0,0,0,14
U042,35,8,41,100.82,0,0,0,6
U042,36,7,33,76.3,0,0,0,8
U042,37,8,27,99.17,0,0,0,10
U042,38,8,41,101.94,0,0,0,14
U042,39,9,42,110.34,1,0,0,15
U042,40,9,34,95.9,1,0,0,11
U042,41,8,32,96.97,0,0,0,13
U042,42,7,34,100.11,1,0,0,9
U042,43,9,30,108.1,2,0,0,15
U042,44,9,34,83.09,1,1,0,10
U042,45,9,33,114.08,0,1,0,16
U042,46,8,28,88.66,0,0,0,21
U042,47,8,29,99.03,1,1,0,8
U042,48,8,33,86.78,0,0,0,11
U042,49,9,35,103.96,1,0,0,14
U042,50,7,40,69.38,0,0,0,13
U042,51,9,32,119.33,0,0,0,9
U042,52,9,29,74.06,0,0,0,13
U042,53,8,49,126.54,0,0,0,4
U042,54,8,27,120.21,0,0,0,16
U042,55,8,31,129.33,1,0,2,14
U042,56,8,36,118.75,0,0,0,11
U042,57,9,38,78.03,0,1,0,6
U042,58,8,42,76.9,1,0,0,13
U042,59,9,41,90.93,0,1,0,9
U042,60,8,38,97.37,0,0,0,13
U043,1,8,18,56.4,0,0,0,13
U043,2,8,15,12.41,0,0,0,9
U043,3,7,23,14.83,0,0,0,7
U043,4,10,12,22.82,1,0,0,9
U043,5,10,27,0.0,2,0,0,9
U043,6,9,18,2.23,0,0,0,8
U043,7,8,24,58.73,1,0,0,9
U043,8,11,14,10.66,1,0,0,13
U043,9,8,5,0.0,0,0,0,10
U043,10,10,8,28.68,1,0,0,6
U043,11,9,19,25.96,0,0,0,11
U043,12,8,13,54.04,0,0,0,7
U043,13,7,14,67.77,0,0,0,11
U043,14,10,22,19.83,2,0,0,10
U043,15,11,0,11.46,0,0,1,13
U043,16,8,15,34.35,0,0,0,11
U043,17,10,13,36.23,0,0,0,13
U043,18,12,5,14.86,1,0,0,10
U043,19,8,35,0.0,0,0,0,14
U043,20,7,10,5.62,0,0,0,9
U043,21,9,6,9.78,0,0,0,10
U043,22,11,24,3.04,0,0,1,9
U043,23,6,0,0.0,1,0,0,10
U043,24,10,20,73.64,0,0,0,9
U043,25,9,11,53.69,1,0,0,9
U043,26,7,16,56.28,0,0,0,13
U043,27,9,19,22.52,0,0,0,9
U043,28,7,15,1.92,1,0,1,10
U043,29,14,29,30.21,0,0,0,12
U043,30,10,20,35.64,1,0,0,12
U043,31,6,18,20.08,1,0,0,12
U043,32,7,1,35.21,0,0,0,13
U043,33,8,36,32.72,1,0,0,11
U043,34,9,31,29.97,0,0,0,10
U043,35,6,14,41.27,0,0,0,11
U043,36,9,0,30.44,1,0,0,10
U043,37,8,29,27.01,1,0,0,12
U043,38,9,27,29.27,0,0,0,12
U043,39,9,7,42.53,1,0,0,8
U043,40,7,24,34.77,2,0,0,11
U043,41,8,7,15.55,0,0,0,8
U043,42,7,0,52.28,0,0,0,13
U043,43,8,0,54.95,1,0,0,12
U043,44,9,13,39.31,0,0,0,13
U043,45,12,19,10.87,0,0,0,11
U043,46,10,15,49.91,0,0,0,9
U043,47,8,12,97.24,1,0,0,14
U043,48,12,25,29.78,0,0,0,14
U043,49,10,31,9.38,1,0,0,13
U043,50,9,0,29.1,0,0,0,12
U043,51,12,0,0.0,0,0,0,9
U043,52,11,7,11.15,1,0,0,9
U043,53,8,25,0.0,1,0,0,7
U043,54,10,42,0.0,1,0,0,9
U043,55,15,0,61.95,0,0,0,10
U043,56,12,35,65.67,0,1,0,12
U043,57,10,8,18.88,0,0,0,9
U043,58,8,3,21.93,1,0,1,12
U043,59,9,15,36.24,0,0,0,11
U043,60,9,16,0.0,1,0,0,11
U044,1,6,20,14.76,0,0,1,3
U044,2,7,27,9.67,1,0,0,2
U044,3,9,39,39.53,1,0,0,9
U044,4,8,21,7.89,2,0,0,5
U044,5,8,20,29.15,0,1,1,0
U044,6,7,30,28.27,2,0,0,5
U044,7,8,35,10.85,0,0,0,0
U044,8,7,26,18.68,0,0,0,2
U044,9,9,18,25.42,0,0,1,4
U044,10,8,25,40.19,1,0,0,0
U044,11,8,26,44.56,0,0,0,2
U044,12,8,35,37.69,0,0,0,0
U044,13,8,22,22.14,1,0,1,6
U044,14,9,34,55.64,0,1,1,7
U044,15,8,28,35.38,0,1,0,8
U044,16,10,38,26.48,0,0,0,8
U044,17,8,33,32.83,0,0,0,6
U044,18,9,12,45.97,1,0,1,4
U044,19,9,36,16.44,1,0,0,4
U044,20,9,41,38.31,0,0,0,3
U044,21,7,45,46.71,0,0,0,3
U044,22,10,22,31.53,3,0,0,2
U044,23,10,24,28.58,3,0,0,1
U044,24,10,49,31.66,0,0,1,11
U044,25,9,27,8.68,0,0,0,0
U044,26,6,27,24.73,2,0,1,5
U044,27,8,23,45.39,1,0,0,0
U044,28,7,50,17.84,2,0,0,5
U044,29,8,39,39.3,2,0,0,4
U044,30,7,26,11.62,2,1,0,7
U044,31,6,45,30.57,0,0,0,1
U044,32,8,34,5.75,0,0,0,5
U044,33,7,32,54.36,0,0,0,5
U044,34,8,57,19.4,0,1,0,5
U044,35,8,54,35.95,1,1,0,0
U044,36,9,28,14.67,0,0,1,11
U044,37,8,23,21.02,0,0,1,0
U044,38,8,30,34.02,1,0,1,5
U044,39,9,19,55.55,2,0,1,6
U044,40,7,18,14.86,1,0,1,6
U044,41,9,44,32.91,1,0,0,5
U044,42,9,28,23.28,1,0,2,9
U044,43,7,30,38.83,0,0,0,4
U044,44,7,36,23.06,0,0,1,0
U044,45,7,39,20.2,1,0,0,6
U044,46,7,17,27.97,1,0,0,5
U044,47,7,37,41.18,1,0,0,5
U044,48,9,22,25.65,0,0,1,6
U044,49,8,38,12.8,0,0,0,9
U044,50,9,31,15.23,0,0,0,10
U044,51,8,37,56.37,0,1,0,5
U044,52,6,28,31.37,1,0,0,5
U044,53,9,22,60.71,1,0,0,0
U044,54,8,45,11.31,0,0,1,8
U044,55,8,33,31.55,0,0,1,0
U044,56,9,49,37.51,2,0,1,8
U044,57,8,18,46.35,0,0,0,7
U044,58,6,39,39.34,0,0,0,4
U044,59,10,32,50.33,0,0,2,1
U044,60,7,16,21.43,0,0,0,6
U045,1,8,29,103.76,0,0,0,4
U045,2,11,27,87.07,0,0,0,6
U045,3,10,26,120.62,0,0,0,6
U045,4,10,30,84.92,1,0,0,4
U045,5,7,40,56.42,0,0,0,5
U045,6,9,34,107.32,0,0,0,5
U045,7,11,25,98.55,1,0,1,6
U045,8,11,36,109.41,0,0,0,3
U045,9,10,11,79.4,0,0,0,5
U045,10,11,50,113.54,1,0,0,4
U045,11,8,22,72.95,0,0,0,5
U045,12,9,22,99.04,0,0,0,6
U045,13,6,18,87.81,0,0,0,6
U045,14,11,35,114.94,1,0,0,6
U045,15,9,33,56.08,0,0,1,7
U045,16,6,26,105.76,0,0,0,7
U045,17,9,19,105.45,1,0,1,4
U045,18,9,43,107.5,1,0,0,5
U045,19,9,36,125.22,1,0,0,6
U045,20,8,15,88.82,0,0,0,7
U045,21,12,21,73.87,0,0,0,5
U045,22,10,43,82.31,1,0,0,6
U045,23,10,17,84.72,0,0,0,7
U045,24,10,15,98.09,1,0,0,6
U045,25,9,31,115.66,0,1,0,3
U045,26,7,39,103.57,0,0,0,7
U045,27,8,24,73.04,0,0,0,4
U045,28,11,29,89.82,0,0,0,4
U045,29,10,40,97.37,0,0,0,5
U045,30,10,47,101.51,0,0,0,7
U045,31,9,30,71.33,0,0,0,7
U045,32,8,29,102.26,1,0,0,6
U045,33,10,23,64.57,1,0,0,4
U045,34,10,27,90.93,0,0,1,6
U045,35,8,14,72.6,0,0,0,5
U045,36,9,28,107.63,0,0,0,6
U045,37,7,17,65.22,0,0,1,6
U045,38,9,15,87.08,0,0,0,7
U045,39,9,7,81.32,0,0,0,4
U045,40,10,31,73.36,0,0,0,6
U045,41,10,20,82.67,0,0,0,6
U045,42,9,34,90.51,1,0,0,5
U045,43,9,24,79.6,0,0,0,6
U045,44,12,28,88.18,1,0,2,5
U045,45,11,19,84.8,1,0,0,5
U045,46,11,35,86.59,0,0,0,5
U045,47,11,39,80.76,0,0,0,5
U045,48,10,33,79.03,1,0,0,6
U045,49,10,31,60.56,0,0,0,6
U045,50,10,28,100.79,0,0,0,4
U045,51,10,35,86.43,0,0,0,5
U045,52,9,28,95.23,0,0,0,4
U045,53,8,43,115.89,0,0,0,5
U045,54,11,32,118.58,1,0,0,7
U045,55,8,28,74.6,1,0,0,4
U045,56,9,22,89.75,0,0,0,6
U045,57,7,4,73.42,0,0,0,6
U045,58,11,31,103.84,0,0,0,6
U045,59,12,32,107.94,0,0,0,7
U045,60,8,24,110.11,1,0,0,4
U046,1,7,17,96.98,0,0,0,6
U046,2,7,26,98.35,2,0,0,0
U046,3,7,5,97.41,2,0,0,6
U046,4,9,14,96.48,1,0,0,8
U046,5,7,25,109.23,2,0,0,7
U046,6,8,27,115.25,2,0,0,2
U046,7,7,33,90.55,1,0,0,10
U046,8,8,25,130.82,0,0,0,4
U046,9,7,15,123.18,1,0,0,2
U046,10,8,20,117.02,2,0,1,2
U046,11,7,25,107.31,1,0,0,0
U046,12,7,46,57.96,0,0,0,2
U046,13,7,28,99.29,0,0,0,2
U046,14,7,32,132.39,1,0,0,4
U046,15,8,0,97.41,2,0,0,5
U046,16,7,28,93.42,0,0,0,7
U046,17,7,9,107.73,0,0,0,2
U046,18,8,22,81.38,1,0,0,5
U046,19,8,38,62.23,1,0,0,5
U046,20,8,30,94.07,3,0,0,1
U046,21,8,3,142.5,0,0,0,4
U046,22,7,15,79.3,3,0,0,10
U046,23,7,22,84.79,0,0,1,6
U046,24,8,43,113.89,1,0,0,0
U046,25,7,17,106.86,1,0,0,8
U046,26,8,30,106.4,3,0,0,5
U046,27,8,54,98.15,2,0,0,3
U046,28,7,9,80.45,1,0,0,1
U046,29,6,15,101.92,0,1,0,9
U046,30,7,21,79.63,1,0,0,6
U046,31,7,22,99.26,2,0,1,8
U046,32,6,20,80.19,2,0,0,7
U046,33,7,3,90.48,0,0,0,0
U046,34,8,22,63.44,1,0,0,5
U046,35,7,25,109.97,2,0,0,4
U046,36,10,15,80.93,1,0,0,4
U046,37,7,21,96.74,1,0,0,5
U046,38,9,11,87.83,0,0,1,2
U046,39,8,33,43.56,2,0,0,6
U046,40,8,9,84.22,2,0,0,7
U046,41,7,37,89.25,1,0,1,6
U046,42,8,17,85.24,1,0,0,4
U046,43,9,38,92.11,0,0,0,6
U046,44,8,35,110.19,2,0,1,6
U046,45,8,41,93.92,2,0,0,9
U046,46,8,41,86.88,1,0,0,4
U046,47,8,6,65.4,1,0,0,6
U046,48,9,13,58.29,1,1,1,2
U046,49,7,12,114.8,1,0,1,6
U046,50,9,1,120.4,1,0,0,4
U046,51,8,8,63.33,1,0,1,5
U046,52,8,18,122.64,3,0,0,1
U046,53,7,10,103.13,1,0,1,5
U046,54,9,7,76.87,4,0,0,5
U046,55,7,23,111.98,2,0,0,5
U046,56,7,35,96.16,1,1,0,2
U046,57,7,8,58.08,0,0,0,6
U046,58,8,20,125.86,1,1,0,7
U046,59,7,24,113.57,0,0,0,4
U046,60,8,26,81.95,0,0,0,9
U047,1,14,30,70.05,0,0,1,11
U047,2,10,38,81.68,0,0,0,9
U047,3,10,35,128.87,0,0,0,12
U047,4,14,27,132.16,0,0,0,11
U047,5,6,41,101.77,1,0,0,11
U047,6,12,35,30.7,0,0,1,11
U047,7,6,43,81.32,0,0,0,8
U047,8,8,47,105.02,2,0,0,7
U047,9,11,42,95.59,1,0,1,11
U047,10,10,35,173.8,1,0,0,9
U047,11,8,27,106.51,0,0,1,9
U047,12,6,46,94.63,0,0,0,9
U047,13,12,31,118.24,2,0,0,12
U047,14,10,46,75.65,0,0,0,8
U047,15,10,41,90.51,2,0,0,11
U047,16,9,29,97.76,0,0,0,10
U047,17,11,27,91.73,1,0,0,13
U047,18,11,23,136.17,0,0,0,8
U047,19,14,22,72.44,1,0,0,12
U047,20,7,34,68.26,0,0,0,11
U047,21,10,32,84.27,1,0,0,6
U047,22,7,28,56.91,1,0,0,13
U047,23,8,30,108.69,0,0,0,5
U047,24,9,39,126.47,1,0,0,8
U047,25,10,39,117.29,1,0,0,13
U047,26,9,30,98.47,1,0,0,10
U047,27,9,45,108.03,0,0,0,11
U047,28,10,39,123.2,0,0,1,6
U047,29,11,46,112.48,0,0,0,9
U047,30,9,32,125.19,1,0,0,10
U047,31,6,42,123.15,1,0,0,13
U047,32,11,33,78.67,1,0,0,10
U047,33,13,29,74.46,0,0,0,9
U047,34,10,36,110.84,0,1,0,11
U047,35,10,27,166.49,1,0,1,12
U047,36,7,29,104.28,1,0,0,7
U047,37,11,34,45.53,0,0,0,11
U047,38,9,35,116.75,0,0,0,6
U047,39,9,35,136.53,1,0,1,11
U047,40,6,33,129.05,1,0,0,20
U047,41,14,29,90.06,0,0,0,7
U047,42,7,41,100.24,0,0,0,11
U047,43,8,43,100.13,1,0,0,11
U047,44,11,45,86.35,0,0,0,8
U047,45,8,30,67.27,2,0,1,10
U047,46,7,31,135.62,0,1,2,13
U047,47,8,52,86.13,0,0,0,10
U047,48,11,37,84.54,1,0,0,9
U047,49,7,23,107.26,0,0,1,13
U047,50,9,27,103.39,0,1,0,9
U047,51,9,40,42.92,0,0,0,12
U047,52,6,32,87.46,0,1,0,8
U047,53,10,40,104.16,0,0,0,10
U047,54,12,42,105.78,0,0,1,9
U047,55,8,35,82.7,0,0,0,11
U047,56,10,33,106.48,0,0,0,10
U047,57,12,28,95.06,0,0,0,7
U047,58,10,48,96.17,0,0,0,11
U047,59,10,31,134.25,1,0,0,9
U047,60,12,41,93.98,2,0,0,7
U048,1,9,7,82.85,0,0,0,10
U048,2,7,26,49.03,0,0,1,15
U048,3,8,26,94.29,0,0,0,3
U048,4,10,24,34.19,0,0,0,7
U048,5,9,12,59.46,0,0,0,7
U048,6,8,24,73.31,3,0,0,10
U048,7,9,18,93.6,0,0,0,16
U048,8,10,24,110.51,1,0,0,9
U048,9,8,44,72.79,2,1,0,6
U048,10,9,33,130.18,0,0,1,10
U048,11,9,44,65.23,2,0,0,10
U048,12,8,25,56.2,0,0,0,9
U048,13,8,31,84.3,0,0,0,11
U048,14,9,26,77.92,0,0,0,12
U048,15,8,8,66.14,0,0,0,7
U048,16,9,21,59.99,0,0,0,15
U048,17,10,0,126.32,0,0,0,9
U048,18,9,27,120.66,0,0,0,12
U048,19,6,30,137.08,1,0,1,4
U048,20,8,17,76.38,0,0,0,8
U048,21,9,40,64.03,0,0,0,6
U048,22,8,24,33.37,0,0,0,3
U048,23,11,18,90.37,0,0,0,5
U048,24,7,51,110.55,2,0,0,10
U048,25,9,22,74.65,0,0,0,8
U048,26,9,44,27.2,0,0,0,7
U048,27,10,44,44.77,0,0,0,8
U048,28,8,24,44.61,0,0,0,11
U048,29,10,39,44.56,0,0,0,11
U048,30,8,32,69.08,1,0,1,13
U048,31,10,41,65.17,0,0,0,10
U048,32,10,6,114.84,1,0,0,9
U048,33,8,23,84.15,0,0,0,7
U048,34,8,21,89.73,1,0,0,9
U048,35,10,18,140.96,1,0,0,1
U048,36,10,36,70.09,0,0,0,7
U048,37,10,16,34.42,1,0,0,7
U048,38,11,24,80.86,0,0,0,3
U048,39,10,30,36.67,0,0,0,10
U048,40,10,8,43.2,0,0,0,8
U048,41,12,12,75.5,0,1,0,7
U048,42,9,19,70.9,0,0,0,13
U048,43,8,35,69.45,0,1,0,5
U048,44,10,33,35.3,0,0,0,12
U048,45,8,24,119.94,0,0,0,12
U048,46,11,17,79.62,0,0,0,13
U048,47,8,8,92.73,0,0,0,7
U048,48,8,18,57.12,2,0,0,11
U048,49,9,20,104.3,2,0,0,10
U048,50,9,25,24.84,1,0,0,12
U048,51,7,21,96.8,1,0,0,8
U048,52,10,16,48.0,0,0,1,10
U048,53,9,35,67.02,0,0,0,3
U048,54,10,17,87.61,0,0,0,6
U048,55,10,24,98.71,0,0,0,12
U048,56,8,8,76.67,0,0,0,12
U048,57,10,27,62.31,2,0,0,5
U048,58,9,19,43.26,0,0,0,2
U048,59,9,16,74.54,1,0,0,6
U048,60,9,21,115.42,0,0,0,9
U049,1,8,29,71.65,1,0,0,11
U049,2,9,45,85.44,2,0,0,8
U049,3,14,40,73.37,0,0,0,8
U049,4,11,38,60.4,0,0,0,3
U049,5,9,19,71.12,2,0,0,7
U049,6,9,10,69.56,1,0,0,4
U049,7,8,19,48.5,1,0,0,10
U049,8,8,27,61.71,0,0,0,6
U049,9,8,23,74.34,3,0,1,5
U049,10,9,3,58.67,2,0,0,11
U049,11,14,26,64.33,1,0,0,4
U049,12,8,34,60.92,0,0,0,6
U049,13,10,28,79.95,0,0,0,4
U049,14,10,18,86.17,0,0,1,9
U049,15,11,34,92.85,1,0,0,6
U049,16,8,24,49.47,0,1,0,8
U049,17,10,35,71.24,0,0,0,7
U049,18,11,28,63.54,1,0,0,8
U049,19,9,17,77.83,1,0,0,7
U049,20,10,21,83.5,0,0,0,11
U049,21,10,28,59.29,0,0,0,4
U049,22,9,22,62.14,0,0,0,5
U049,23,9,26,57.21,3,0,0,11
U049,24,7,25,72.31,1,0,0,7
U049,25,13,29,93.97,0,0,0,10
U049,26,12,22,57.41,0,0,0,6
U049,27,13,23,83.85,3,0,0,7
U049,28,11,25,88.58,1,0,0,9
U049,29,6,34,83.46,1,0,0,7
U049,30,6,20,61.26,1,0,0,7
U049,31,8,11,65.53,1,0,0,7
U049,32,8,28,87.33,1,0,0,9
U049,33,10,22,83.94,0,1,0,7
U049,34,14,32,55.87,1,0,0,6
U049,35,8,27,106.41,1,0,0,9
U049,36,10,25,82.54,0,0,0,9
U049,37,10,24,73.42,0,0,0,5
U049,38,9,18,66.77,0,1,1,8
U049,39,11,34,75.26,0,0,0,5
U049,40,8,26,66.18,0,0,0,8
U049,41,7,24,59.72,0,0,0,8
U049,42,14,24,76.13,0,0,0,9
U049,43,9,22,71.94,1,0,0,3
U049,44,8,31,52.18,1,0,1,6
U049,45,10,15,70.48,2,0,1,8
U049,46,9,10,91.91,2,0,0,5
U049,47,10,19,84.74,0,0,0,7
U049,48,8,14,57.27,0,0,0,6
U049,49,10,19,20.11,1,0,0,10
U049,50,6,25,78.73,0,0,1,9
U049,51,11,18,74.26,2,0,0,9
U049,52,10,25,62.68,0,0,0,7
U049,53,13,26,83.95,1,0,0,8
U049,54,8,39,62.82,0,0,0,4
U049,55,10,11,84.1,2,0,0,11
U049,56,9,14,83.02,2,0,0,9
U049,57,6,17,78.97,1,0,0,12
U049,58,9,27,58.28,0,0,0,8
U049,59,10,12,61.43,2,0,0,4
U049,60,8,20,64.86,3,0,0,10
